RK,TEAM,LINK,GP,PTS,FGM,FGA,FG%,3PM,3PA,3P%,FTM,FTA,FT%,OR,DR,REB,AST,STL,BLK,TO,PF
1,Gonzaga Bulldogs,https://www.espn.com/mens-college-basketball/team/_/id/2250/gonzaga-bulldogs,33,87.5,32.6,61.7,52.9,7.8,20.0,38.7,14.5,20.8,70.1,10.2,26.3,36.5,16.6,7.6,3.3,10.6,16.8
2,Toledo Rockets,https://www.espn.com/mens-college-basketball/team/_/id/2649/toledo-rockets,35,85.4,30.2,61.1,49.4,8.6,21.8,39.5,16.4,21.3,77.0,10.1,24.0,34.1,14.9,6.8,2.9,9.6,16.1
3,Oral Roberts Golden Eagles,https://www.espn.com/mens-college-basketball/team/_/id/198/oral-roberts-golden-eagles,35,83.3,30.2,63.7,47.4,10.7,29.3,36.5,12.1,15.7,77.4,8.9,27.9,36.8,14.7,6.8,5.4,9.4,12.9
4,Alabama Crimson Tide,https://www.espn.com/mens-college-basketball/team/_/id/333/alabama-crimson-tide,35,82.6,27.9,62.4,44.7,10.2,29.9,34.2,16.5,22.9,72.4,12.8,31.6,44.5,15.4,6.0,5.1,13.9,18.7
5,Southern Utah Thunderbirds,https://www.espn.com/mens-college-basketball/team/_/id/253/southern-utah-thunderbirds,34,82.5,28.5,61.1,46.6,8.1,23.5,34.7,17.4,23.8,73.0,10.6,27.3,37.9,13.0,7.4,3.3,13.1,18.8
6,Youngstown State Penguins,https://www.espn.com/mens-college-basketball/team/_/id/2754/youngstown-state-penguins,34,81.9,29.9,61.4,48.7,8.0,21.9,36.5,14.1,18.1,77.9,10.3,24.9,35.2,15.3,7.0,2.8,11.0,16.2
7,Arizona Wildcats,https://www.espn.com/mens-college-basketball/team/_/id/12/arizona-wildcats,35,81.9,29.2,59.2,49.4,8.4,22.3,37.8,15.0,21.2,70.8,10.2,29.1,39.3,18.9,6.1,3.1,13.4,16.9
8,Marshall Thundering Herd,https://www.espn.com/mens-college-basketball/team/_/id/276/marshall-thundering-herd,32,81.8,30.8,66.3,46.5,8.3,24.4,33.8,11.9,17.1,69.3,12.3,26.6,38.9,17.5,9.0,5.3,11.6,16.5
9,Furman Paladins,https://www.espn.com/mens-college-basketball/team/_/id/231/furman-paladins,35,81.7,28.6,59.4,48.1,9.5,27.5,34.7,15.0,20.3,74.0,9.9,25.5,35.4,16.9,6.7,3.2,11.1,16.8
10,Cornell Big Red,https://www.espn.com/mens-college-basketball/team/_/id/172/cornell-big-red,28,81.7,29.1,62.1,47.0,10.7,30.4,35.3,12.7,17.5,72.4,10.4,24.0,34.4,17.5,9.7,2.3,12.4,16.6
11,UAB Blazers,https://www.espn.com/mens-college-basketball/team/_/id/5/uab-blazers,35,81.6,28.8,63.1,45.6,7.3,20.3,36.1,16.7,22.8,73.3,13.5,27.2,40.7,14.4,8.2,4.3,12.8,17.2
12,Xavier Musketeers,https://www.espn.com/mens-college-basketball/team/_/id/2752/xavier-musketeers,34,81.4,30.2,61.1,49.4,7.6,19.1,39.5,13.4,18.8,71.4,10.6,27.1,37.6,19.3,6.5,3.2,12.6,15.9
13,New Mexico Lobos,https://www.espn.com/mens-college-basketball/team/_/id/167/new-mexico-lobos,34,80.9,28.9,60.1,48.1,5.6,16.0,35.2,17.4,23.5,73.9,9.8,27.3,37.1,13.7,6.7,3.9,11.2,16.9
14,James Madison Dukes,https://www.espn.com/mens-college-basketball/team/_/id/256/james-madison-dukes,33,80.5,28.3,61.2,46.2,8.0,22.8,35.0,16.0,22.7,70.7,11.9,26.2,38.1,13.5,9.0,2.6,13.2,17.7
14,UT Martin Skyhawks,https://www.espn.com/mens-college-basketball/team/_/id/2630/ut-martin-skyhawks,33,80.5,28.6,62.4,45.9,7.7,23.4,33.1,15.5,21.5,72.2,10.5,28.7,39.2,13.6,7.5,3.5,11.9,18.3
16,Charleston Cougars,https://www.espn.com/mens-college-basketball/team/_/id/232/charleston-cougars,35,80.1,27.4,62.9,43.6,9.9,30.0,33.1,15.4,20.7,74.4,13.5,26.8,40.3,13.7,7.4,3.1,11.9,16.9
17,Texas A&M-Corpus Christi Islanders,https://www.espn.com/mens-college-basketball/team/_/id/357/texas-am-corpus-christi-islanders,35,80.1,27.7,61.5,45.1,7.7,21.0,36.4,16.9,21.4,79.2,12.1,25.2,37.3,15.3,8.5,1.7,12.8,19.0
18,Iowa Hawkeyes,https://www.espn.com/mens-college-basketball/team/_/id/2294/iowa-hawkeyes,33,80.1,28.5,62.9,45.3,8.0,23.6,34.0,15.0,20.3,73.8,12.1,24.5,36.6,16.4,6.5,3.4,9.8,14.9
19,Marquette Golden Eagles,https://www.espn.com/mens-college-basketball/team/_/id/2655/tulane-green-wave,34,79.9,29.6,60.8,48.7,8.9,25.4,34.8,11.9,16.4,72.1,8.9,23.0,31.9,17.6,9.4,3.1,10.7,16.3
20,Tulane Green Wave,https://www.espn.com/mens-college-basketball/team/_/id/2750/wright-state-raiders,31,79.9,27.8,60.4,46.0,7.8,23.0,33.8,16.6,21.4,77.7,6.8,26.6,33.5,15.6,8.5,4.2,11.3,16.5
21,Wright State Raiders,https://www.espn.com/mens-college-basketball/team/_/id/269/marquette-golden-eagles,33,79.9,31.2,62.9,49.6,6.2,17.4,35.7,11.2,15.2,73.7,9.2,27.5,36.7,15.0,6.3,3.0,12.7,15.6
22,Memphis Tigers,https://www.espn.com/mens-college-basketball/team/_/id/282/indiana-state-sycamores,34,79.8,28.8,59.9,48.0,6.1,17.3,35.6,16.1,21.5,74.7,10.3,25.6,35.9,15.7,8.7,4.6,13.5,18.4
23,Indiana State Sycamores,https://www.espn.com/mens-college-basketball/team/_/id/142/missouri-tigers,34,79.4,28.0,58.0,48.2,9.5,26.8,35.4,14.0,18.2,77.0,7.0,27.5,34.4,15.9,6.6,1.9,11.8,16.4
24,Miami Hurricanes,https://www.espn.com/mens-college-basketball/team/_/id/235/memphis-tigers,32,79.4,29.0,59.6,48.6,7.6,20.7,36.8,13.9,17.9,77.6,10.3,24.2,34.6,14.9,7.3,3.3,11.3,14.4
25,Missouri Tigers,https://www.espn.com/mens-college-basketball/team/_/id/2803/bryant-bulldogs,34,79.4,28.3,59.7,47.4,9.4,25.9,36.2,13.4,17.7,75.5,8.9,21.4,30.2,16.1,10.3,2.6,11.3,18.0
26,Bryant Bulldogs,https://www.espn.com/mens-college-basketball/team/_/id/2390/miami-hurricanes,30,79.4,28.3,60.7,46.6,8.1,23.8,34.0,14.7,20.1,73.4,10.6,28.7,39.3,13.4,6.7,3.5,13.4,17.4
27,Ohio Bobcats,https://www.espn.com/mens-college-basketball/team/_/id/195/ohio-bobcats,33,78.8,28.6,62.5,45.8,8.9,24.0,37.3,12.6,17.3,73.0,12.1,25.5,37.5,12.5,6.7,2.2,11.2,17.8
28,Florida Atlantic Owls,https://www.espn.com/mens-college-basketball/team/_/id/2535/samford-bulldogs,34,78.8,28.2,59.8,47.2,9.8,26.3,37.2,12.6,17.5,71.6,10.5,28.1,38.7,14.6,6.8,2.5,11.8,15.8
29,Samford Bulldogs,https://www.espn.com/mens-college-basketball/team/_/id/41/uconn-huskies,32,78.7,26.0,57.3,45.4,9.1,25.7,35.3,17.7,23.6,74.7,10.0,25.6,35.5,11.7,8.1,2.6,12.7,18.7
30,UT Rio Grande Valley Vaqueros,https://www.espn.com/mens-college-basketball/team/_/id/292/ut-rio-grande-valley-vaqueros,32,78.7,27.1,57.9,46.9,6.9,20.5,33.9,17.5,25.1,69.8,10.8,27.1,37.8,15.8,4.7,3.3,16.1,20.1
31,UConn Huskies,https://www.espn.com/mens-college-basketball/team/_/id/2226/florida-atlantic-owls,33,78.5,27.6,60.0,46.0,9.0,25.2,35.7,14.2,18.9,75.4,13.4,25.6,39.0,17.3,6.5,4.9,12.9,18.2
32,Milwaukee Panthers,https://www.espn.com/mens-college-basketball/team/_/id/270/milwaukee-panthers,32,78.3,27.8,60.5,46.0,8.0,22.7,35.2,14.7,20.0,73.2,11.9,27.2,39.1,14.2,7.0,5.6,15.2,18.0
33,NC State Wolfpack,https://www.espn.com/mens-college-basketball/team/_/id/328/utah-state-aggies,33,78.2,29.0,64.2,45.3,8.4,24.1,34.9,11.7,16.2,72.0,11.4,25.2,36.6,13.1,7.9,4.6,9.5,17.5
34,Utah State Aggies,https://www.espn.com/mens-college-basketball/team/_/id/2634/tennessee-state-tigers,35,78.2,27.1,56.4,47.9,9.3,24.0,38.7,14.8,19.4,76.3,8.6,26.9,35.5,16.7,5.0,3.3,12.2,16.9
35,Providence Friars,https://www.espn.com/mens-college-basketball/team/_/id/2142/colgate-raiders,32,78.1,27.5,59.9,45.9,6.7,18.9,35.1,16.4,22.1,74.5,12.3,26.1,38.3,14.7,6.9,4.6,11.8,15.0
35,Tennessee State Tigers,https://www.espn.com/mens-college-basketball/team/_/id/2349/umass-lowell-river-hawks,32,78.1,27.1,60.5,44.9,8.8,25.1,35.0,15.1,21.7,69.5,10.5,25.9,36.4,13.3,5.8,3.3,12.6,20.5
37,Colgate Raiders,https://www.espn.com/mens-college-basketball/team/_/id/2492/pepperdine-waves,35,78.1,29.8,58.2,51.1,8.2,20.3,40.3,10.4,15.7,66.1,8.0,25.7,33.7,18.2,7.1,2.9,10.2,12.5
38,UMass Lowell River Hawks,https://www.espn.com/mens-college-basketball/team/_/id/251/texas-longhorns,34,78.0,28.4,58.7,48.4,6.9,18.2,38.1,14.3,19.5,73.6,11.9,26.7,38.6,14.3,7.0,4.8,13.7,16.8
39,Fairleigh Dickinson Knights,https://www.espn.com/mens-college-basketball/team/_/id/2546/southeast-missouri-state-redhawks,35,78.0,28.4,62.3,45.6,8.2,23.5,34.8,13.0,17.3,75.2,11.5,22.6,34.1,14.9,8.0,1.9,11.5,18.9
40,Pepperdine Waves,https://www.espn.com/mens-college-basketball/team/_/id/2501/portland-pilots,31,78.0,29.0,62.3,46.5,8.2,22.5,36.2,11.9,16.7,71.0,9.2,26.5,35.8,15.1,5.4,3.8,14.1,17.7
41,Texas Longhorns,https://www.espn.com/mens-college-basketball/team/_/id/152/nc-state-wolfpack,35,77.9,28.3,60.2,47.0,7.3,21.1,34.6,14.1,18.7,75.2,9.8,24.5,34.3,16.2,8.0,3.7,11.7,17.5
42,Southeast Missouri State Redhawks,https://www.espn.com/mens-college-basketball/team/_/id/2511/queens-university-royals,35,77.9,26.8,61.1,43.9,7.9,24.3,32.5,16.3,23.1,70.8,9.6,25.2,34.8,13.9,7.1,3.1,13.1,21.5
43,Portland Pilots,https://www.espn.com/mens-college-basketball/team/_/id/2545/se-louisiana-lions,33,77.8,25.3,55.7,45.5,9.6,25.6,37.5,17.5,23.5,74.5,8.1,24.6,32.7,14.8,5.0,2.3,12.7,17.6
44,Queens University Royals,https://www.espn.com/mens-college-basketball/team/_/id/161/fairleigh-dickinson-knights,33,77.7,26.6,59.9,44.4,9.2,26.5,34.9,15.2,21.2,72.1,11.2,26.0,37.2,13.8,6.2,2.2,12.5,16.1
45,SE Louisiana Lions,https://www.espn.com/mens-college-basketball/team/_/id/2277/houston-christian-huskies,32,77.6,27.8,60.7,45.8,7.8,21.0,36.9,14.3,19.3,74.2,10.3,24.3,34.6,14.2,7.3,1.8,12.2,17.4
46,Houston Christian Huskies,https://www.espn.com/mens-college-basketball/team/_/id/2084/buffalo-bulls,32,77.6,26.6,58.2,45.7,8.3,22.7,36.5,16.1,22.4,71.8,10.3,24.0,34.3,14.8,5.8,2.8,15.3,18.1
47,Buffalo Bulls,https://www.espn.com/mens-college-basketball/team/_/id/2198/eastern-kentucky-colonels,32,77.5,28.3,62.5,45.3,7.0,21.8,32.2,13.9,19.8,70.4,11.8,26.0,37.8,14.7,7.9,3.2,14.1,18.8
48,Eastern Kentucky Colonels,https://www.espn.com/mens-college-basketball/team/_/id/309/louisiana-ragin-cajuns,33,77.4,29.0,66.7,43.5,8.6,25.4,33.7,10.7,16.3,65.8,13.7,26.6,40.3,15.2,8.1,4.8,12.2,16.1
49,Louisiana Ragin' Cajuns,https://www.espn.com/mens-college-basketball/team/_/id/2507/providence-friars,34,77.4,27.9,58.0,48.2,7.0,18.7,37.6,14.4,21.2,68.2,11.1,25.4,36.5,14.4,7.2,3.0,12.2,17.0
50,St. John's Red Storm,https://www.espn.com/mens-college-basketball/team/_/id/2599/st-johns-red-storm,33,77.3,29.4,65.4,44.9,5.8,17.7,33.1,12.7,18.2,69.9,13.1,27.0,40.1,15.2,8.2,3.7,14.0,16.2
51,Cincinnati Bearcats,https://www.espn.com/mens-college-basketball/team/_/id/2132/cincinnati-bearcats,34,77.3,28.4,63.1,45.0,8.9,25.1,35.6,11.6,16.5,70.3,11.0,26.0,37.0,15.7,6.2,4.0,10.6,15.7
52,Chattanooga Mocs,https://www.espn.com/mens-college-basketball/team/_/id/236/chattanooga-mocs,35,77.2,26.4,58.3,45.2,11.4,30.2,37.7,13.0,18.3,71.4,9.6,26.7,36.2,15.3,5.7,3.5,11.6,15.7
53,Eastern Washington Eagles,https://www.espn.com/mens-college-basketball/team/_/id/331/eastern-washington-eagles,33,77.2,27.5,55.9,49.3,8.8,24.4,36.1,13.3,17.5,75.8,9.0,27.1,36.1,15.5,5.0,3.2,13.6,17.6
54,Baylor Bears,https://www.espn.com/mens-college-basketball/team/_/id/301/san-diego-toreros,32,77.2,25.7,57.6,44.7,9.7,26.1,37.2,16.0,21.4,74.9,11.7,22.6,34.3,14.5,6.7,2.4,12.3,17.4
55,San Diego Toreros,https://www.espn.com/mens-college-basketball/team/_/id/3084/utah-valley-wolverines,31,77.1,27.4,60.7,45.1,7.9,22.3,35.3,14.5,18.9,76.5,10.0,22.9,32.9,12.8,6.7,1.8,11.5,17.6
56,Utah Valley Wolverines,https://www.espn.com/mens-college-basketball/team/_/id/239/baylor-bears,34,77.1,27.4,59.2,46.4,6.6,19.8,33.1,15.7,21.2,74.0,10.2,29.9,40.1,16.2,6.6,6.7,13.7,17.8
57,Santa Clara Broncos,https://www.espn.com/mens-college-basketball/team/_/id/2541/santa-clara-broncos,33,76.9,27.8,61.4,45.4,8.3,22.5,37.1,12.9,18.3,70.4,10.6,27.6,38.2,13.9,5.9,3.8,12.5,15.7
58,Rice Owls,https://www.espn.com/mens-college-basketball/team/_/id/242/rice-owls,33,76.7,27.1,58.0,46.8,9.0,25.1,35.7,13.5,18.2,73.8,8.0,26.7,34.7,15.4,5.8,2.5,13.2,15.5
59,Creighton Bluejays,https://www.espn.com/mens-college-basketball/team/_/id/154/wake-forest-demon-deacons,33,76.6,27.5,58.9,46.7,8.9,24.8,36.0,12.7,16.5,76.7,8.5,28.7,37.2,15.9,5.2,4.2,11.6,13.2
60,Kent State Golden Flashes,https://www.espn.com/mens-college-basketball/team/_/id/56/stetson-hatters,34,76.6,27.5,60.6,45.4,7.9,23.4,33.6,13.7,18.9,72.5,10.8,24.7,35.5,12.4,8.9,3.9,11.4,19.1
61,Wake Forest Demon Deacons,https://www.espn.com/mens-college-basketball/team/_/id/2174/detroit-mercy-titans,33,76.6,26.6,57.8,46.0,9.5,26.2,36.4,13.8,18.6,74.6,8.3,25.9,34.2,13.5,6.0,2.7,12.1,16.0
62,Stetson Hatters,https://www.espn.com/mens-college-basketball/team/_/id/88/southern-indiana-screaming-eagles,30,76.6,27.6,59.4,46.5,10.1,25.9,38.9,11.2,14.5,77.3,9.9,24.1,34.0,13.9,5.1,3.2,10.4,15.4
63,Detroit Mercy Titans,https://www.espn.com/mens-college-basketball/team/_/id/156/creighton-bluejays,33,76.6,26.5,61.3,43.3,10.2,26.5,38.6,13.2,17.2,76.8,13.1,23.6,36.7,12.5,6.1,1.9,11.8,16.2
64,Southern Indiana Screaming Eagles,https://www.espn.com/mens-college-basketball/team/_/id/299/long-beach-state-beach,32,76.5,26.5,60.8,43.6,9.8,26.0,37.7,13.6,20.1,67.9,12.4,26.6,38.9,12.9,7.3,2.4,13.5,18.4
65,Long Beach State Beach,https://www.espn.com/mens-college-basketball/team/_/id/2057/belmont-bruins,33,76.5,28.8,63.2,45.5,4.4,15.0,29.6,14.5,21.5,67.8,13.0,27.6,40.6,15.0,7.4,3.3,14.1,17.1
66,Belmont Bruins,https://www.espn.com/mens-college-basketball/team/_/id/2050/ball-state-cardinals,32,76.5,28.1,59.4,47.2,9.6,24.7,38.8,10.8,14.8,72.6,8.3,24.6,32.8,15.3,7.0,3.2,11.4,15.6
67,Ball State Cardinals,https://www.espn.com/mens-college-basketball/team/_/id/288/lipscomb-bisons,32,76.4,26.3,55.8,47.1,7.5,20.3,36.9,16.3,23.7,68.9,10.5,25.3,35.8,13.2,5.5,3.8,12.2,16.4
68,Lipscomb Bisons,https://www.espn.com/mens-college-basketball/team/_/id/45/george-washington-colonials,33,76.4,28.6,60.1,47.6,8.1,22.7,35.6,11.2,15.0,74.4,8.8,27.5,36.3,14.1,5.4,2.8,12.1,13.9
69,Iona Gaels,https://www.espn.com/mens-college-basketball/team/_/id/2454/north-florida-ospreys,34,76.4,28.1,61.1,46.1,7.1,19.6,36.0,13.0,17.7,73.1,11.2,24.5,35.7,15.0,7.5,5.5,10.6,16.3
70,George Washington Colonials,https://www.espn.com/mens-college-basketball/team/_/id/2502/portland-state-vikings,32,76.3,27.2,57.8,47.0,7.1,22.2,32.1,14.8,20.1,73.8,8.9,26.1,34.9,12.7,5.7,3.4,12.6,16.5
71,North Florida Ospreys,https://www.espn.com/mens-college-basketball/team/_/id/2539/san-francisco-dons,31,76.2,27.0,59.3,45.5,10.4,28.4,36.7,11.8,16.4,71.9,9.0,25.2,34.2,13.1,5.0,3.9,12.2,14.0
71,Portland State Vikings,https://www.espn.com/mens-college-basketball/team/_/id/153/north-carolina-tar-heels,31,76.2,26.9,60.2,44.8,7.5,22.2,34.0,14.8,20.4,72.7,9.3,22.1,31.4,13.9,7.1,3.4,12.1,22.6
73,San Francisco Dons,https://www.espn.com/mens-college-basketball/team/_/id/2309/kent-state-golden-flashes,34,76.2,26.0,58.1,44.7,10.3,28.4,36.1,14.0,18.7,75.0,9.5,24.9,34.4,12.8,6.8,2.5,13.8,18.5
74,North Carolina Tar Heels,https://www.espn.com/mens-college-basketball/team/_/id/314/iona-gaels,33,76.2,26.2,60.5,43.4,7.1,22.8,31.2,16.6,22.4,74.2,11.2,28.3,39.5,12.0,5.4,3.9,10.8,16.8
75,West Virginia Mountaineers,https://www.espn.com/mens-college-basketball/team/_/id/277/west-virginia-mountaineers,34,76.0,25.9,57.4,45.2,7.3,20.8,35.0,16.8,22.6,74.3,11.3,22.6,33.9,13.0,6.7,3.1,12.9,18.6
76,Bowling Green Falcons,https://www.espn.com/mens-college-basketball/team/_/id/189/bowling-green-falcons,31,76.0,27.1,60.0,45.2,7.2,21.2,34.0,14.5,20.1,72.5,10.5,25.3,35.8,13.8,6.1,3.0,12.2,17.7
77,Stephen F. Austin Lumberjacks,https://www.espn.com/mens-college-basketball/team/_/id/2617/stephen-f-austin-lumberjacks,32,75.8,27.1,57.3,47.3,6.3,16.6,38.2,15.3,21.4,71.6,10.5,23.7,34.3,15.1,8.9,2.6,15.3,21.4
78,Pacific Tigers,https://www.espn.com/mens-college-basketball/team/_/id/279/pacific-tigers,33,75.8,26.3,58.2,45.2,9.0,23.1,39.0,14.2,19.7,72.0,8.0,23.5,31.5,12.7,5.4,2.6,11.8,19.0
79,Norfolk State Spartans,https://www.espn.com/mens-college-basketball/team/_/id/2450/norfolk-state-spartans,33,75.8,26.5,56.2,47.2,6.8,20.1,33.9,15.9,21.3,74.4,11.0,24.9,35.9,12.8,7.1,3.7,13.2,18.1
80,Yale Bulldogs,https://www.espn.com/mens-college-basketball/team/_/id/43/yale-bulldogs,30,75.8,28.0,58.8,47.7,7.5,20.7,36.1,12.2,17.6,69.4,9.9,27.8,37.8,14.6,6.4,4.1,11.2,17.4
81,Pittsburgh Panthers,https://www.espn.com/mens-college-basketball/team/_/id/2447/nicholls-colonels,34,75.6,26.1,57.9,45.1,9.2,25.4,36.2,14.1,18.7,75.7,10.2,25.7,35.9,14.4,5.2,4.1,11.1,16.1
82,Nicholls Colonels,https://www.espn.com/mens-college-basketball/team/_/id/3101/utah-tech-trailblazers,31,75.6,28.5,62.4,45.6,7.7,22.5,34.1,11.0,17.1,64.5,11.5,23.2,34.7,13.9,9.7,3.0,13.5,20.6
83,Utah Tech Trailblazers,https://www.espn.com/mens-college-basketball/team/_/id/2428/north-carolina-central-eagles,33,75.6,25.1,54.6,45.9,8.6,22.7,38.1,16.8,23.8,70.4,9.7,24.4,34.1,13.2,6.6,2.2,15.1,19.6
84,North Carolina Central Eagles,https://www.espn.com/mens-college-basketball/team/_/id/139/saint-louis-billikens,30,75.6,27.2,57.9,46.9,7.4,20.5,36.0,13.9,19.8,70.2,10.9,24.8,35.8,14.6,8.0,3.2,15.3,19.2
85,Saint Louis Billikens,https://www.espn.com/mens-college-basketball/team/_/id/2306/kansas-state-wildcats,33,75.5,27.9,59.7,46.8,7.0,19.5,35.7,12.8,17.5,73.1,10.2,27.8,38.0,16.5,5.0,4.0,12.1,16.9
86,Kansas Jayhawks,https://www.espn.com/mens-college-basketball/team/_/id/2305/kansas-jayhawks,35,75.5,27.9,59.8,46.7,7.0,20.3,34.6,12.6,17.5,72.0,9.9,26.3,36.1,16.6,8.9,3.9,12.3,16.4
87,BYU Cougars,https://www.espn.com/mens-college-basketball/team/_/id/252/byu-cougars,34,75.5,26.9,59.1,45.5,8.1,23.9,34.0,13.7,19.1,71.7,11.0,26.4,37.4,14.7,7.4,3.9,14.1,19.4
88,Kansas State Wildcats,https://www.espn.com/mens-college-basketball/team/_/id/163/princeton-tigers,32,75.5,26.2,57.8,45.3,7.1,20.9,34.0,16.0,21.3,75.0,10.4,25.3,35.6,16.8,7.7,2.8,14.3,17.7
89,Princeton Tigers,https://www.espn.com/mens-college-basketball/team/_/id/2031/little-rock-trojans,30,75.4,27.0,59.3,45.5,8.4,24.7,33.8,13.1,18.4,71.1,10.1,29.1,39.3,13.4,5.0,3.4,12.4,16.2
90,Little Rock Trojans,https://www.espn.com/mens-college-basketball/team/_/id/2351/loyola-marymount-lions,31,75.4,27.3,61.5,44.3,6.0,18.3,32.6,14.9,20.4,73.1,10.9,24.8,35.7,14.8,6.7,2.3,13.5,19.7
91,Drake Bulldogs,https://www.espn.com/mens-college-basketball/team/_/id/47/howard-bison,34,75.3,27.4,58.1,47.0,8.0,21.4,37.3,12.6,16.4,76.9,8.1,27.6,35.7,13.6,5.4,2.6,10.5,14.8
92,Loyola Marymount Lions,https://www.espn.com/mens-college-basketball/team/_/id/221/pittsburgh-panthers,31,75.3,26.8,59.1,45.4,9.3,25.5,36.5,12.3,18.4,67.1,10.6,25.5,36.1,11.8,5.5,2.8,12.8,19.4
93,Grand Canyon Lopes,https://www.espn.com/mens-college-basketball/team/_/id/2253/grand-canyon-lopes,35,75.3,25.9,55.8,46.3,9.0,23.4,38.3,14.6,20.4,71.6,10.2,26.7,36.9,12.6,4.9,3.3,12.1,18.1
94,Kennesaw State Owls,https://www.espn.com/mens-college-basketball/team/_/id/2275/hofstra-pride,34,75.3,26.6,57.6,46.2,8.3,22.5,36.8,13.8,20.9,66.2,9.6,25.6,35.2,14.4,8.0,2.8,12.4,17.9
95,Howard Bison,https://www.espn.com/mens-college-basketball/team/_/id/2628/tcu-horned-frogs,35,75.3,26.7,58.2,45.8,8.1,21.5,37.4,13.8,19.4,71.3,11.6,24.1,35.8,14.9,7.2,3.1,16.3,17.5
96,TCU Horned Frogs,https://www.espn.com/mens-college-basketball/team/_/id/338/kennesaw-state-owls,33,75.2,27.7,60.6,45.7,5.5,17.8,30.6,14.4,20.5,70.1,11.5,24.3,35.8,16.2,8.2,4.7,12.2,16.2
97,Hofstra Pride,https://www.espn.com/mens-college-basketball/team/_/id/219/pennsylvania-quakers,34,75.1,28.7,59.4,48.4,8.7,23.7,36.8,8.9,12.1,73.8,7.6,26.3,33.9,14.3,6.3,4.3,10.7,14.4
98,Kentucky Wildcats,https://www.espn.com/mens-college-basketball/team/_/id/2000/abilene-christian-wildcats,32,75.1,27.5,60.0,45.9,6.4,18.0,35.4,13.7,19.5,70.3,13.6,25.4,39.0,15.3,6.5,3.8,11.7,16.2
99,Indiana Hoosiers,https://www.espn.com/mens-college-basketball/team/_/id/2415/morgan-state-bears,33,75.0,28.5,58.2,48.9,5.7,15.3,37.0,12.5,17.5,71.2,9.1,26.7,35.8,15.4,5.8,4.9,11.6,17.4
100,Pennsylvania Quakers,https://www.espn.com/mens-college-basketball/team/_/id/84/indiana-hoosiers,30,75.0,27.1,58.3,46.4,8.1,22.6,36.0,12.7,17.1,74.1,10.1,27.5,37.6,14.8,5.5,3.2,12.7,18.1
100,Abilene Christian Wildcats,https://www.espn.com/mens-college-basketball/team/_/id/2453/north-alabama-lions,30,75.0,27.1,60.0,45.1,7.0,20.4,34.4,13.8,19.1,72.3,10.2,22.2,32.4,15.7,8.8,2.4,12.6,20.6
102,Morgan State Bears,https://www.espn.com/mens-college-basketball/team/_/id/2184/duquesne-dukes,31,74.9,27.8,61.6,45.2,6.6,18.0,36.9,12.6,18.3,68.8,11.7,23.0,34.6,15.5,9.8,4.5,16.1,20.9
103,North Alabama Lions,https://www.espn.com/mens-college-basketball/team/_/id/2335/liberty-flames,32,74.9,27.3,58.8,46.3,7.7,20.6,37.2,12.7,17.9,71.2,8.5,25.8,34.3,11.6,5.8,3.0,11.2,16.8
104,Duquesne Dukes,https://www.espn.com/mens-college-basketball/team/_/id/300/uc-irvine-anteaters,32,74.8,27.2,62.2,43.8,9.0,24.7,36.5,11.4,16.5,68.8,12.3,23.3,35.7,15.3,8.3,3.9,11.9,18.7
105,Liberty Flames,https://www.espn.com/mens-college-basketball/team/_/id/2181/drake-bulldogs,35,74.8,26.8,56.5,47.4,10.5,28.0,37.6,10.7,14.7,73.0,8.3,25.7,34.0,16.3,6.5,2.2,10.4,14.8
106,UC Irvine Anteaters,https://www.espn.com/mens-college-basketball/team/_/id/302/uc-davis-aggies,35,74.8,27.7,59.5,46.5,7.1,18.7,37.7,12.3,17.1,72.0,9.7,27.3,37.0,14.8,7.0,2.5,12.3,19.1
107,UC Davis Aggies,https://www.espn.com/mens-college-basketball/team/_/id/2747/wofford-terriers,32,74.8,25.3,56.9,44.5,6.7,19.7,34.0,17.5,24.7,70.9,11.8,25.3,37.1,12.2,7.1,2.8,14.7,18.8
108,Wofford Terriers,https://www.espn.com/mens-college-basketball/team/_/id/228/clemson-tigers,33,74.7,27.5,58.1,47.3,7.5,22.7,33.0,12.3,16.7,73.7,9.5,23.5,33.0,12.5,5.7,2.1,11.0,14.2
109,Clemson Tigers,https://www.espn.com/mens-college-basketball/team/_/id/248/houston-cougars,34,74.7,26.4,56.6,46.7,8.3,22.8,36.4,13.5,17.2,78.5,7.4,27.8,35.2,14.3,5.1,3.1,11.1,17.3
110,Houston Cougars,https://www.espn.com/mens-college-basketball/team/_/id/2272/high-point-panthers,35,74.7,27.5,59.4,46.2,7.7,22.3,34.3,12.1,16.8,72.2,12.7,26.1,38.9,14.8,8.2,4.7,10.1,16.5
111,High Point Panthers,https://www.espn.com/mens-college-basketball/team/_/id/96/kentucky-wildcats,31,74.6,26.2,59.2,44.3,7.5,23.2,32.5,14.6,23.3,62.6,11.6,26.3,37.9,12.4,6.5,4.9,14.1,18.5
112,Akron Zips,https://www.espn.com/mens-college-basketball/team/_/id/2006/akron-zips,33,74.6,25.6,57.5,44.5,9.1,25.6,35.5,14.4,19.5,73.9,10.2,25.5,35.7,13.4,6.0,2.6,11.2,16.1
112,Northwestern State Demons,https://www.espn.com/mens-college-basketball/team/_/id/2466/northwestern-state-demons,33,74.6,27.3,61.3,44.5,8.4,23.3,36.1,11.7,16.6,70.4,12.1,21.6,33.8,12.6,8.3,2.4,11.9,18.3
112,SIU Edwardsville Cougars,https://www.espn.com/mens-college-basketball/team/_/id/2565/siu-edwardsville-cougars,33,74.6,25.3,58.1,43.5,7.2,21.8,32.9,16.9,23.2,72.9,11.3,25.8,37.0,12.3,6.9,4.3,12.8,17.5
115,Western Carolina Catamounts,https://www.espn.com/mens-college-basketball/team/_/id/2717/western-carolina-catamounts,33,74.5,25.6,59.5,43.1,8.7,25.1,34.5,14.5,20.2,71.8,9.9,27.0,36.9,12.7,5.4,2.6,10.6,17.3
116,UNC Asheville Bulldogs,https://www.espn.com/mens-college-basketball/team/_/id/2427/unc-asheville-bulldogs,35,74.4,25.6,54.0,47.5,7.8,20.2,38.8,15.3,22.1,69.4,8.4,26.4,34.8,12.7,6.3,4.0,14.2,15.5
117,Arkansas Razorbacks,https://www.espn.com/mens-college-basketball/team/_/id/8/arkansas-razorbacks,34,74.4,27.0,57.1,47.2,5.0,15.9,31.6,15.4,22.3,69.2,10.1,25.4,35.4,13.1,8.5,5.2,12.9,19.1
118,UMBC Retrievers,https://www.espn.com/mens-college-basketball/team/_/id/2378/umbc-retrievers,32,74.3,27.2,60.3,45.0,8.0,23.6,34.1,12.0,16.0,75.0,9.3,24.9,34.2,14.3,5.6,2.5,10.1,14.6
119,Illinois Fighting Illini,https://www.espn.com/mens-college-basketball/team/_/id/356/illinois-fighting-illini,33,74.3,26.5,59.0,44.9,7.6,24.7,30.8,13.7,20.2,67.9,11.1,26.7,37.8,12.4,6.9,5.6,12.9,17.0
120,UCLA Bruins,https://www.espn.com/mens-college-basketball/team/_/id/26/ucla-bruins,35,74.3,28.1,61.0,46.1,6.1,17.7,34.6,12.0,16.5,72.4,11.7,24.2,35.9,14.5,8.5,3.9,10.2,15.5
121,UNLV Rebels,https://www.espn.com/mens-college-basketball/team/_/id/2439/unlv-rebels,32,74.3,25.6,59.2,43.2,8.2,23.5,34.9,14.9,20.6,72.3,10.3,23.1,33.3,12.8,9.1,3.8,12.2,17.1
122,Montana State Bobcats,https://www.espn.com/mens-college-basketball/team/_/id/2900/st-thomas---minnesota-tommies,34,74.2,25.1,53.6,46.9,6.2,18.3,33.8,17.8,23.4,75.9,8.3,24.8,33.1,12.5,6.5,3.0,11.7,18.5
123,St. Thomas - Minnesota Tommies,https://www.espn.com/mens-college-basketball/team/_/id/259/virginia-tech-hokies,33,74.2,25.7,57.4,44.7,9.0,25.6,35.2,13.8,17.6,78.5,8.2,23.6,31.9,12.9,5.9,2.3,9.9,17.4
124,Virginia Tech Hokies,https://www.espn.com/mens-college-basketball/team/_/id/183/syracuse-orange,34,74.1,27.4,58.3,46.9,8.3,23.1,35.8,11.1,15.1,73.5,8.5,24.8,33.3,15.5,5.2,3.1,9.9,15.5
125,Syracuse Orange,https://www.espn.com/mens-college-basketball/team/_/id/147/montana-state-bobcats,32,74.1,27.2,58.8,46.3,6.2,17.1,36.2,13.5,18.0,74.9,10.1,24.6,34.8,14.3,7.5,5.0,11.7,13.3
126,Purdue Fort Wayne Mastodons,https://www.espn.com/mens-college-basketball/team/_/id/2870/purdue-fort-wayne-mastodons,32,73.9,26.1,59.6,43.9,9.6,27.8,34.6,12.0,17.0,70.5,9.9,25.7,35.6,13.1,7.3,2.3,13.2,14.7
127,Southern Miss Golden Eagles,https://www.espn.com/mens-college-basketball/team/_/id/2572/southern-miss-golden-eagles,33,73.8,26.7,58.7,45.5,7.0,21.6,32.2,13.5,18.8,71.4,11.1,25.4,36.5,14.8,8.4,2.6,12.2,16.5
128,Winthrop Eagles,https://www.espn.com/mens-college-basketball/team/_/id/2737/winthrop-eagles,32,73.8,24.6,52.2,47.1,8.8,23.7,37.4,15.7,21.3,73.9,8.1,22.9,31.0,11.4,5.1,3.1,14.0,16.8
129,Northern Arizona Lumberjacks,https://www.espn.com/mens-college-basketball/team/_/id/2464/northern-arizona-lumberjacks,35,73.7,26.6,60.7,43.8,8.4,23.3,36.2,12.2,16.5,74.0,10.1,23.9,34.0,13.8,5.3,1.5,10.8,18.5
130,New Mexico State Aggies,https://www.espn.com/mens-college-basketball/team/_/id/166/new-mexico-state-aggies,24,73.7,26.3,59.4,44.2,7.5,22.3,33.9,13.6,20.0,68.1,10.3,25.3,35.5,12.1,7.3,2.3,12.7,18.9
131,Tennessee Tech Golden Eagles,https://www.espn.com/mens-college-basketball/team/_/id/2635/tennessee-tech-golden-eagles,33,73.7,26.1,59.6,43.7,9.2,25.1,36.4,12.4,17.3,71.9,9.4,25.8,35.1,14.4,6.3,2.4,12.6,16.0
132,Miami (OH) Redhawks,https://www.espn.com/mens-college-basketball/team/_/id/193/miami-oh-redhawks,32,73.7,25.9,56.8,45.7,7.8,23.0,34.0,14.0,17.8,78.7,9.0,23.0,31.9,13.8,6.1,2.9,13.6,18.3
133,Michigan Wolverines,https://www.espn.com/mens-college-basketball/team/_/id/130/michigan-wolverines,33,73.6,26.5,58.8,45.1,7.8,22.2,35.2,12.8,18.1,70.6,8.8,27.8,36.7,12.4,4.7,4.7,10.3,15.5
134,Northern Colorado Bears,https://www.espn.com/mens-college-basketball/team/_/id/2458/northern-colorado-bears,32,73.6,25.8,57.6,44.8,8.3,23.2,35.8,13.7,18.4,74.5,8.2,25.1,33.3,11.3,4.6,1.7,11.9,18.6
135,Central Arkansas Bears,https://www.espn.com/mens-college-basketball/team/_/id/2110/central-arkansas-bears,31,73.4,26.5,64.3,41.3,8.6,26.5,32.4,11.7,15.7,74.9,11.2,25.4,36.6,12.4,6.6,3.2,13.4,16.4
135,South Carolina State Bulldogs,https://www.espn.com/mens-college-basketball/team/_/id/2569/south-carolina-state-bulldogs,31,73.4,27.0,63.9,42.3,6.9,21.6,31.7,12.4,18.5,67.0,13.8,21.5,35.4,14.0,7.2,3.2,15.6,20.6
137,Oakland Golden Grizzlies,https://www.espn.com/mens-college-basketball/team/_/id/2473/oakland-golden-grizzlies,32,73.3,25.7,59.1,43.5,7.3,23.5,30.8,14.7,18.9,77.6,8.4,22.2,30.5,12.0,7.5,2.6,10.6,14.0
137,Texas Tech Red Raiders,https://www.espn.com/mens-college-basketball/team/_/id/2641/texas-tech-red-raiders,32,73.3,26.0,56.6,45.9,7.2,20.8,34.5,14.2,19.7,72.2,10.4,24.7,35.1,12.9,7.3,2.9,13.7,15.5
139,Coastal Carolina Chanticleers,https://www.espn.com/mens-college-basketball/team/_/id/324/coastal-carolina-chanticleers,31,73.3,26.3,60.6,43.4,7.2,22.7,31.6,13.5,17.2,78.4,11.3,25.9,37.2,12.4,6.1,3.2,12.2,16.0
140,Longwood Lancers,https://www.espn.com/mens-college-basketball/team/_/id/2344/longwood-lancers,32,73.2,26.0,57.4,45.2,7.5,21.4,35.2,13.7,19.0,72.2,11.2,23.6,34.7,12.4,6.4,2.2,11.9,16.6
141,Troy Trojans,https://www.espn.com/mens-college-basketball/team/_/id/2653/troy-trojans,33,73.2,26.0,58.9,44.1,7.7,24.2,32.0,13.4,19.2,70.1,11.0,23.9,34.9,13.5,8.7,2.6,12.8,17.0
142,New Orleans Privateers,https://www.espn.com/mens-college-basketball/team/_/id/2443/new-orleans-privateers,32,73.1,26.0,55.8,46.7,6.1,16.2,37.8,14.9,21.1,70.9,9.7,22.5,32.2,14.6,6.7,2.2,17.1,19.3
143,Florida International Panthers,https://www.espn.com/mens-college-basketball/team/_/id/2229/florida-international-panthers,32,73.1,27.1,58.2,46.6,6.8,21.0,32.6,12.1,16.9,71.3,8.6,22.9,31.5,12.4,9.1,4.0,14.8,17.1
144,Army Black Knights,https://www.espn.com/mens-college-basketball/team/_/id/349/army-black-knights,33,73.1,26.8,56.2,47.8,7.6,21.8,35.1,11.8,17.3,68.4,8.5,25.8,34.3,13.1,5.1,2.1,12.9,16.2
145,Purdue Boilermakers,https://www.espn.com/mens-college-basketball/team/_/id/2710/western-illinois-leathernecks,34,73.1,25.4,55.4,45.9,6.9,21.1,32.6,15.3,20.6,74.3,12.2,26.4,38.6,15.5,4.8,3.6,10.9,13.7
146,Western Illinois Leathernecks,https://www.espn.com/mens-college-basketball/team/_/id/2/auburn-tigers,30,73.0,26.5,58.5,45.3,7.0,21.7,32.1,13.1,18.7,70.0,9.4,24.8,34.2,13.7,5.8,3.6,10.7,14.5
147,Auburn Tigers,https://www.espn.com/mens-college-basketball/team/_/id/2598/st-francis-pa-red-flash,33,73.0,25.9,58.7,44.1,6.5,20.8,31.5,14.7,20.8,70.5,11.6,24.7,36.3,14.2,7.9,5.1,12.3,19.2
147,Vermont Catamounts,https://www.espn.com/mens-college-basketball/team/_/id/70/idaho-vandals,33,73.0,26.6,56.0,47.5,8.6,24.0,35.9,11.2,16.1,69.7,6.5,24.8,31.4,13.6,6.0,2.9,9.3,14.8
149,St. Francis (PA) Red Flash,https://www.espn.com/mens-college-basketball/team/_/id/2514/quinnipiac-bobcats,31,73.0,26.2,56.8,46.2,7.7,20.4,37.9,12.8,18.2,70.4,8.5,24.9,33.4,13.9,4.4,2.1,12.5,16.5
150,Idaho Vandals,https://www.espn.com/mens-college-basketball/team/_/id/2449/north-dakota-state-bison,32,73.0,25.8,54.6,47.2,6.8,19.9,34.0,14.7,19.3,76.2,6.9,23.7,30.6,11.9,5.1,1.8,11.3,16.9
150,Quinnipiac Bobcats,https://www.espn.com/mens-college-basketball/team/_/id/245/texas-am-aggies,32,73.0,25.8,59.6,43.3,8.2,22.7,36.3,13.1,19.7,66.7,11.3,26.0,37.3,13.1,6.1,2.6,12.6,16.4
152,North Dakota State Bison,https://www.espn.com/mens-college-basketball/team/_/id/2534/sam-houston-bearkats,33,72.8,26.2,57.7,45.5,7.5,22.3,33.6,12.9,18.1,71.2,8.5,27.5,36.0,11.2,3.9,3.0,11.5,15.4
153,Texas A&M Aggies,https://www.espn.com/mens-college-basketball/team/_/id/261/vermont-catamounts,35,72.8,23.9,55.2,43.2,6.2,19.0,32.6,18.9,24.9,75.9,12.4,24.3,36.7,12.5,6.7,2.3,12.3,18.2
154,USC Trojans,https://www.espn.com/mens-college-basketball/team/_/id/2509/purdue-boilermakers,32,72.8,26.0,56.9,45.7,6.5,18.8,34.5,14.3,19.3,74.4,9.4,25.8,35.3,13.4,7.0,5.2,12.5,17.2
155,Sam Houston Bearkats,https://www.espn.com/mens-college-basketball/team/_/id/2172/denver-pioneers,33,72.7,26.4,57.7,45.8,8.2,21.4,38.2,11.7,17.1,68.3,11.5,25.5,36.9,13.7,8.4,2.2,13.2,18.0
156,Denver Pioneers,https://www.espn.com/mens-college-basketball/team/_/id/2440/nevada-wolf-pack,32,72.7,26.1,53.6,48.7,4.5,13.8,32.6,16.0,22.3,71.7,9.0,26.1,35.1,11.3,5.5,3.1,14.9,17.0
157,Nevada Wolf Pack,https://www.espn.com/mens-college-basketball/team/_/id/2127/charleston-southern-buccaneers,33,72.6,24.2,54.4,44.5,7.2,20.5,35.1,17.0,21.5,79.2,7.4,25.9,33.3,14.4,6.0,3.0,10.3,17.9
158,Charleston Southern Buccaneers,https://www.espn.com/mens-college-basketball/team/_/id/150/duke-blue-devils,31,72.6,26.4,59.7,44.3,8.1,23.6,34.3,11.7,16.1,72.7,11.6,23.6,35.2,12.0,5.1,2.6,11.8,18.1
159,Duke Blue Devils,https://www.espn.com/mens-college-basketball/team/_/id/194/ohio-state-buckeyes,35,72.6,26.1,57.8,45.2,6.8,20.3,33.7,13.5,17.5,76.8,12.2,26.7,38.9,14.7,5.7,4.5,11.9,15.2
160,Ohio State Buckeyes,https://www.espn.com/mens-college-basketball/team/_/id/238/vanderbilt-commodores,35,72.5,27.1,58.6,46.2,6.8,18.6,36.8,11.5,15.6,73.9,10.6,25.3,35.9,11.7,5.2,3.8,10.7,16.5
161,Vanderbilt Commodores,https://www.espn.com/mens-college-basketball/team/_/id/30/usc-trojans,35,72.5,25.1,58.7,42.8,8.5,24.8,34.1,13.7,19.2,71.3,11.2,25.1,36.3,11.7,5.0,4.5,10.9,16.3
162,Colorado State Rams,https://www.espn.com/mens-college-basketball/team/_/id/36/colorado-state-rams,33,72.5,26.5,54.2,48.8,7.6,20.9,36.4,11.9,16.0,74.5,6.0,24.8,30.7,16.5,5.7,2.5,11.2,16.3
163,UC Riverside Highlanders,https://www.espn.com/mens-college-basketball/team/_/id/27/uc-riverside-highlanders,34,72.4,26.6,60.2,44.3,8.4,23.1,36.2,10.8,15.5,69.8,11.5,25.3,36.8,13.2,5.1,1.8,12.3,18.6
164,Penn State Nittany Lions,https://www.espn.com/mens-college-basketball/team/_/id/213/penn-state-nittany-lions,36,72.4,26.5,57.0,46.5,10.5,26.9,39.0,9.0,12.2,74.0,6.1,26.5,32.6,13.9,4.4,2.2,9.0,15.6
165,Saint Joseph's Hawks,https://www.espn.com/mens-college-basketball/team/_/id/2603/saint-josephs-hawks,33,72.4,24.8,58.2,42.6,8.8,26.7,32.9,14.0,19.9,70.3,10.4,24.2,34.6,12.1,6.5,3.2,12.8,17.5
166,Eastern Michigan Eagles,https://www.espn.com/mens-college-basketball/team/_/id/2199/eastern-michigan-eagles,31,72.2,25.9,58.9,44.0,6.2,19.6,31.6,14.2,18.5,76.7,8.7,22.7,31.5,9.6,6.3,2.2,11.8,18.9
167,Louisiana Tech Bulldogs,https://www.espn.com/mens-college-basketball/team/_/id/2348/louisiana-tech-bulldogs,33,72.2,25.9,58.5,44.2,8.5,24.7,34.5,11.9,16.5,72.2,10.9,23.8,34.7,12.4,7.9,2.6,13.7,17.3
168,UC Santa Barbara Gauchos,https://www.espn.com/mens-college-basketball/team/_/id/155/north-dakota-fighting-hawks,34,72.2,26.5,53.7,49.3,5.6,15.9,35.3,13.6,18.7,72.8,8.1,24.0,32.1,14.2,6.4,2.5,11.3,16.1
169,North Dakota Fighting Hawks,https://www.espn.com/mens-college-basketball/team/_/id/68/boise-state-broncos,33,72.1,26.0,58.9,44.1,9.2,26.3,35.0,10.9,16.0,68.3,9.2,24.2,33.4,11.9,4.4,2.7,11.4,15.8
170,Boise State Broncos,https://www.espn.com/mens-college-basketball/team/_/id/2430/unc-greensboro-spartans,34,72.1,25.8,57.0,45.3,7.8,21.6,36.2,12.6,17.3,73.3,9.0,26.7,35.7,11.3,5.0,2.9,11.1,16.3
171,UNC Greensboro Spartans,https://www.espn.com/mens-college-basketball/team/_/id/2116/ucf-knights,32,72.1,25.5,57.2,44.6,7.9,22.4,35.4,13.1,18.3,71.6,10.3,26.6,36.9,14.5,7.1,2.6,11.8,16.7
172,UCF Knights,https://www.espn.com/mens-college-basketball/team/_/id/2154/coppin-state-eagles,33,72.1,25.1,58.1,43.2,8.8,24.4,36.0,13.0,16.9,77.1,11.6,23.5,35.1,14.0,7.6,3.8,13.3,16.5
173,Coppin State Eagles,https://www.espn.com/mens-college-basketball/team/_/id/2230/fordham-rams,32,72.0,24.3,56.0,43.5,8.4,24.8,33.8,14.9,20.8,71.9,6.5,24.0,30.4,11.3,7.7,2.5,14.9,19.7
173,Fordham Rams,https://www.espn.com/mens-college-basketball/team/_/id/2459/northern-illinois-huskies,33,72.0,24.2,57.6,41.9,7.6,24.0,31.8,16.1,21.7,74.1,10.7,26.0,36.8,12.7,7.2,4.8,13.5,19.6
173,Northern Illinois Huskies,https://www.espn.com/mens-college-basketball/team/_/id/2627/tarleton-texans,32,72.0,26.2,56.8,46.1,7.4,21.2,34.8,12.3,18.9,65.2,8.7,24.4,33.1,12.6,6.5,2.3,14.3,19.3
173,Tarleton Texans,https://www.espn.com/mens-college-basketball/team/_/id/58/south-florida-bulls,33,72.0,24.9,55.0,45.4,4.8,14.2,33.8,17.3,24.8,70.0,9.5,22.2,31.7,12.9,9.7,2.8,12.4,20.5
177,South Florida Bulls,https://www.espn.com/mens-college-basketball/team/_/id/2547/seattle-u-redhawks,32,72.0,26.4,59.2,44.6,7.4,22.0,33.6,11.8,18.2,65.1,11.9,25.5,37.4,13.4,6.5,3.1,13.7,17.8
177,Seattle U Redhawks,https://www.espn.com/mens-college-basketball/team/_/id/2582/southern-jaguars,32,72.0,24.6,61.0,40.2,8.6,27.2,31.6,14.3,19.8,71.8,11.2,25.8,37.1,11.9,6.1,3.1,11.9,18.2
179,Southern Jaguars,https://www.espn.com/mens-college-basketball/team/_/id/21/san-diego-state-aztecs,32,71.9,25.1,58.5,42.9,7.6,23.0,33.1,14.0,19.6,71.5,8.7,23.6,32.3,14.1,8.7,2.3,14.5,20.0
180,San Diego State Aztecs,https://www.espn.com/mens-college-basketball/team/_/id/119/towson-tigers,34,71.8,25.4,57.1,44.4,7.1,20.2,35.1,14.0,19.2,72.9,10.6,25.2,35.8,13.4,7.0,3.8,11.8,16.2
181,Towson Tigers,https://www.espn.com/mens-college-basketball/team/_/id/2540/uc-santa-barbara-gauchos,33,71.8,26.1,58.2,44.7,7.4,20.1,36.7,12.3,17.3,70.8,12.3,25.0,37.3,14.0,6.2,3.4,12.2,16.3
182,Cleveland State Vikings,https://www.espn.com/mens-college-basketball/team/_/id/325/cleveland-state-vikings,34,71.7,27.3,60.0,45.5,5.1,16.5,31.0,12.0,17.6,67.9,12.6,23.1,35.7,13.4,7.0,3.4,11.6,16.7
183,Texas A&M-Commerce Lions,https://www.espn.com/mens-college-basketball/team/_/id/2837/texas-am-commerce-lions,33,71.6,26.0,57.3,45.4,8.4,26.3,32.0,11.1,15.8,70.1,9.2,23.0,32.2,14.4,5.8,3.1,12.8,18.7
184,VCU Rams,https://www.espn.com/mens-college-basketball/team/_/id/2633/tennessee-volunteers,34,71.4,24.9,53.5,46.5,6.1,17.5,34.7,15.6,22.4,69.7,9.3,24.0,33.3,13.2,8.9,4.6,13.4,16.3
185,Tennessee Volunteers,https://www.espn.com/mens-college-basketball/team/_/id/98/western-kentucky-hilltoppers,34,71.4,25.4,58.1,43.7,7.7,23.4,32.8,12.9,18.2,70.9,12.8,25.8,38.6,16.9,8.3,3.6,12.2,16.7
186,Western Kentucky Hilltoppers,https://www.espn.com/mens-college-basketball/team/_/id/159/dartmouth-big-green,33,71.4,25.4,57.8,44.0,7.5,21.1,35.8,13.0,18.2,71.2,9.1,25.8,34.9,12.6,6.2,5.2,11.6,14.8
186,Saint Mary's Gaels,https://www.espn.com/mens-college-basketball/team/_/id/526/florida-gulf-coast-eagles,33,71.4,25.7,56.2,45.8,7.8,20.9,37.2,12.2,17.5,69.3,10.7,24.8,35.6,12.6,6.8,3.5,10.7,16.6
188,Dartmouth Big Green,https://www.espn.com/mens-college-basketball/team/_/id/57/florida-gators,28,71.4,25.7,58.1,44.2,8.1,24.5,33.3,11.9,17.0,69.9,8.4,26.4,34.9,12.9,5.5,4.0,14.4,17.0
189,Florida Gulf Coast Eagles,https://www.espn.com/mens-college-basketball/team/_/id/305/depaul-blue-demons,32,71.3,25.2,57.6,43.7,9.2,26.0,35.5,11.7,15.8,74.0,9.4,25.2,34.6,12.8,6.8,3.3,11.4,15.5
190,Florida Gators,https://www.espn.com/mens-college-basketball/team/_/id/2608/saint-marys-gaels,33,71.2,25.2,57.7,43.6,6.7,21.2,31.4,14.3,19.9,71.7,8.4,26.2,34.5,12.3,6.8,5.2,11.2,16.2
191,DePaul Blue Demons,https://www.espn.com/mens-college-basketball/team/_/id/9/arizona-state-sun-devils,33,71.2,25.4,59.4,42.7,8.3,22.5,36.8,12.1,16.4,73.9,9.2,23.2,32.4,13.8,6.4,4.7,12.9,18.3
192,Arizona State Sun Devils,https://www.espn.com/mens-college-basketball/team/_/id/2483/oregon-ducks,35,71.1,25.3,60.3,41.9,7.6,23.8,31.9,12.9,18.8,68.9,11.1,25.5,36.6,14.4,7.2,4.7,11.7,18.6
193,Oregon Ducks,https://www.espn.com/mens-college-basketball/team/_/id/2724/wichita-state-shockers,34,71.1,25.6,57.1,44.8,7.2,22.3,32.3,12.7,18.1,70.4,11.4,26.3,37.7,13.3,5.6,4.9,12.1,14.7
194,Wichita State Shockers,https://www.espn.com/mens-college-basketball/team/_/id/6/south-alabama-jaguars,32,71.0,25.8,57.5,45.0,6.6,21.4,30.9,12.7,17.7,71.6,9.8,26.6,36.3,13.3,6.3,4.0,12.5,15.0
195,South Alabama Jaguars,https://www.espn.com/mens-college-basketball/team/_/id/2571/south-dakota-state-jackrabbits,35,70.9,27.3,58.2,46.9,7.6,22.0,34.5,8.8,12.8,68.7,6.9,25.7,32.7,11.4,6.1,4.3,9.8,14.7
196,South Dakota State Jackrabbits,https://www.espn.com/mens-college-basketball/team/_/id/2670/vcu-rams,32,70.9,25.4,56.4,45.0,7.7,21.9,35.1,12.5,15.8,79.2,7.0,25.5,32.5,10.7,5.2,2.9,11.6,14.3
197,Incarnate Word Cardinals,https://www.espn.com/mens-college-basketball/team/_/id/2916/incarnate-word-cardinals,31,70.8,25.0,56.6,44.2,6.3,18.0,34.8,14.5,19.3,74.8,9.1,22.2,31.3,12.3,8.4,2.8,13.7,17.2
198,North Carolina A&T Aggies,https://www.espn.com/mens-college-basketball/team/_/id/2448/north-carolina-at-aggies,32,70.8,25.2,60.3,41.7,8.2,24.5,33.2,12.2,17.9,68.1,9.4,26.1,35.5,11.7,7.5,3.1,12.0,17.1
199,Gardner-Webb Runnin' Bulldogs,https://www.espn.com/mens-college-basketball/team/_/id/2241/gardner-webb-runnin-bulldogs,31,70.7,26.2,56.2,46.7,6.3,18.8,33.6,11.9,19.1,62.5,10.0,25.4,35.3,12.9,7.2,4.7,13.0,19.2
200,Sacred Heart Pioneers,https://www.espn.com/mens-college-basketball/team/_/id/2529/sacred-heart-pioneers,33,70.7,26.2,60.7,43.2,6.9,22.2,31.3,11.4,16.8,67.8,10.6,25.2,35.8,13.5,7.8,3.3,13.3,15.2
201,Bradley Braves,https://www.espn.com/mens-college-basketball/team/_/id/71/bradley-braves,35,70.7,26.2,56.8,46.1,7.9,22.2,35.5,10.4,15.6,66.5,9.6,25.6,35.2,13.3,6.8,3.9,11.7,16.2
202,Murray State Racers,https://www.espn.com/mens-college-basketball/team/_/id/93/murray-state-racers,32,70.4,25.2,57.0,44.1,6.2,18.5,33.2,14.0,19.0,73.6,9.3,25.3,34.6,12.2,5.4,2.6,10.9,14.6
203,Canisius Golden Griffins,https://www.espn.com/mens-college-basketball/team/_/id/2099/canisius-golden-griffins,30,70.4,25.4,60.3,42.2,8.5,24.5,34.7,10.9,14.9,73.2,10.4,23.2,33.6,14.4,5.6,2.6,11.9,15.7
204,Stanford Cardinal,https://www.espn.com/mens-college-basketball/team/_/id/24/stanford-cardinal,33,70.3,25.4,56.2,45.2,8.1,22.3,36.3,11.5,16.5,69.4,10.4,24.1,34.5,14.8,5.7,3.2,12.5,16.9
205,Chicago State Cougars,https://www.espn.com/mens-college-basketball/team/_/id/2130/chicago-state-cougars,31,70.3,24.5,56.7,43.3,8.3,24.4,33.9,13.0,17.9,72.8,11.8,23.4,35.2,12.2,5.6,2.7,13.6,18.1
206,Maryland Terrapins,https://www.espn.com/mens-college-basketball/team/_/id/127/michigan-state-spartans,34,70.3,24.8,55.0,45.1,6.8,20.6,33.0,13.9,18.8,73.7,9.8,23.9,33.6,11.5,5.4,3.7,10.6,16.0
207,Appalachian State Mountaineers,https://www.espn.com/mens-college-basketball/team/_/id/120/maryland-terrapins,32,70.3,25.6,57.9,44.2,7.6,22.7,33.5,11.5,17.0,67.6,9.0,26.7,35.7,13.0,6.4,4.6,11.0,13.8
207,SMU Mustangs,https://www.espn.com/mens-college-basketball/team/_/id/2026/appalachian-state-mountaineers,32,70.3,25.3,60.0,42.2,6.3,20.2,31.1,13.3,19.8,67.4,10.5,24.5,34.9,13.6,7.1,3.4,12.9,17.4
209,Michigan State Spartans,https://www.espn.com/mens-college-basketball/team/_/id/2567/smu-mustangs,31,70.2,25.7,57.2,45.0,7.5,18.9,39.5,11.3,14.8,76.2,8.9,26.8,35.7,14.8,4.6,2.9,10.9,16.6
210,Rider Broncs,https://www.espn.com/mens-college-basketball/team/_/id/2520/rider-broncs,30,70.2,26.4,58.2,45.4,5.0,15.0,33.4,12.3,16.7,73.5,11.2,24.8,36.0,11.4,5.4,2.2,11.5,18.3
211,Morehead State Eagles,https://www.espn.com/mens-college-basketball/team/_/id/2413/morehead-state-eagles,33,70.2,24.2,55.4,43.8,7.5,21.1,35.4,14.2,19.6,72.4,9.6,26.2,35.8,13.8,5.7,3.9,12.0,15.8
212,Northern Iowa Panthers,https://www.espn.com/mens-college-basketball/team/_/id/2460/northern-iowa-panthers,32,70.1,25.3,55.9,45.3,7.4,21.8,34.0,12.1,17.3,69.7,7.6,25.2,32.8,11.6,6.4,1.4,12.0,15.6
213,Middle Tennessee Blue Raiders,https://www.espn.com/mens-college-basketball/team/_/id/2393/middle-tennessee-blue-raiders,33,70.1,26.0,57.3,45.3,6.9,20.4,33.8,11.2,16.5,68.3,11.1,22.5,33.6,10.8,7.5,4.8,13.3,17.5
214,Colorado Buffaloes,https://www.espn.com/mens-college-basketball/team/_/id/38/colorado-buffaloes,34,69.9,25.4,58.7,43.3,6.6,20.4,32.5,12.4,17.8,69.6,11.1,26.2,37.4,13.0,7.4,3.6,13.3,16.3
215,Davidson Wildcats,https://www.espn.com/mens-college-basketball/team/_/id/2166/davidson-wildcats,32,69.9,24.5,55.4,44.3,6.8,20.8,32.5,14.1,18.8,74.8,8.1,24.5,32.6,13.1,5.4,1.3,10.8,15.2
216,Jacksonville State Gamecocks,https://www.espn.com/mens-college-basketball/team/_/id/55/jacksonville-state-gamecocks,31,69.9,24.1,55.0,43.8,9.1,24.1,37.6,12.6,18.0,69.9,10.3,25.8,36.0,12.3,5.5,2.4,13.2,16.5
216,Western Michigan Broncos,https://www.espn.com/mens-college-basketball/team/_/id/2711/western-michigan-broncos,31,69.9,25.4,58.7,43.2,8.1,24.4,33.0,11.1,15.5,71.4,12.2,24.7,37.0,12.8,4.6,2.2,12.7,16.9
218,Campbell Fighting Camels,https://www.espn.com/mens-college-basketball/team/_/id/2097/campbell-fighting-camels,34,69.8,24.4,52.3,46.7,6.7,20.1,33.4,14.3,20.3,70.3,7.9,23.5,31.4,12.2,6.2,2.9,11.9,16.4
218,La Salle Explorers,https://www.espn.com/mens-college-basketball/team/_/id/2325/la-salle-explorers,34,69.8,25.4,59.9,42.4,7.3,21.4,34.2,11.8,17.0,69.3,11.1,24.3,35.4,12.0,6.7,3.2,12.5,17.8
220,Lehigh Mountain Hawks,https://www.espn.com/mens-college-basketball/team/_/id/2329/lehigh-mountain-hawks,30,69.8,25.1,56.6,44.3,6.8,19.5,35.1,12.8,17.2,74.6,6.7,26.7,33.4,12.3,6.2,2.4,11.7,16.7
221,UMass Minutemen,https://www.espn.com/mens-college-basketball/team/_/id/113/umass-minutemen,31,69.8,25.0,60.3,41.5,5.9,17.9,32.8,13.9,19.4,71.6,13.0,25.3,38.3,13.6,6.8,3.8,14.3,17.5
222,Maryland-Eastern Shore Hawks,https://www.espn.com/mens-college-basketball/team/_/id/2379/maryland-eastern-shore-hawks,31,69.7,25.0,58.5,42.8,7.4,23.2,31.8,12.3,17.1,71.9,9.8,22.0,31.9,13.5,11.1,1.9,14.6,16.6
223,Georgia Tech Yellow Jackets,https://www.espn.com/mens-college-basketball/team/_/id/59/georgia-tech-yellow-jackets,33,69.7,25.9,61.2,42.3,7.8,23.4,33.5,10.1,14.5,69.6,10.6,24.4,35.0,14.0,6.0,4.1,10.6,15.9
223,Radford Highlanders,https://www.espn.com/mens-college-basketball/team/_/id/2515/radford-highlanders,33,69.7,25.7,55.8,46.1,6.7,18.5,36.1,11.6,16.8,69.0,10.2,23.2,33.4,11.8,7.1,2.9,11.9,17.0
225,Delaware Blue Hens,https://www.espn.com/mens-college-basketball/team/_/id/48/delaware-blue-hens,33,69.6,24.7,56.3,43.9,6.6,20.6,32.1,13.6,18.7,72.7,8.7,23.7,32.4,11.8,6.9,4.0,11.3,16.4
226,Alabama A&M Bulldogs,https://www.espn.com/mens-college-basketball/team/_/id/2010/alabama-am-bulldogs,33,69.6,24.9,56.6,44.1,6.8,18.5,37.0,12.9,19.7,65.5,10.1,22.6,32.7,12.7,8.0,4.0,15.0,18.9
227,Notre Dame Fighting Irish,https://www.espn.com/mens-college-basketball/team/_/id/87/notre-dame-fighting-irish,32,69.6,25.3,57.2,44.3,8.8,24.6,35.8,10.2,13.3,76.3,6.6,24.5,31.1,11.8,4.7,2.7,8.8,14.3
227,Temple Owls,https://www.espn.com/mens-college-basketball/team/_/id/218/temple-owls,32,69.6,23.6,55.4,42.5,8.0,24.2,33.0,14.5,19.2,75.7,9.7,25.5,35.2,13.8,5.0,4.0,13.6,16.8
229,Villanova Wildcats,https://www.espn.com/mens-college-basketball/team/_/id/222/villanova-wildcats,34,69.6,23.7,54.5,43.6,8.7,26.0,33.4,13.4,16.4,82.0,7.2,24.5,31.7,11.1,5.7,1.7,10.1,15.8
230,Lindenwood Lions,https://www.espn.com/mens-college-basketball/team/_/id/2815/lindenwood-lions,32,69.6,25.1,58.5,42.9,7.5,20.8,36.0,11.8,16.3,72.9,9.0,25.3,34.3,11.8,6.3,3.3,13.3,16.1
231,Brown Bears,https://www.espn.com/mens-college-basketball/team/_/id/225/brown-bears,27,69.6,25.3,57.7,43.8,8.0,23.0,34.7,11.0,17.2,64.2,8.9,26.0,34.9,13.8,7.2,3.2,13.3,16.3
232,Georgetown Hoyas,https://www.espn.com/mens-college-basketball/team/_/id/46/georgetown-hoyas,32,69.5,25.6,60.4,42.3,5.8,18.7,30.9,12.6,17.6,71.8,10.8,25.2,36.0,11.9,6.2,4.6,12.3,14.4
233,California Baptist Lancers,https://www.espn.com/mens-college-basketball/team/_/id/2856/california-baptist-lancers,33,69.4,24.6,57.5,42.7,8.4,25.4,33.0,11.9,17.9,66.4,11.0,26.2,37.2,14.3,4.4,3.1,11.5,17.3
234,Navy Midshipmen,https://www.espn.com/mens-college-basketball/team/_/id/2426/navy-midshipmen,31,69.4,26.1,57.5,45.4,7.7,20.9,37.1,9.5,13.5,70.6,10.0,24.5,34.5,14.8,6.9,2.7,11.5,15.9
235,VMI Keydets,https://www.espn.com/mens-college-basketball/team/_/id/2678/vmi-keydets,32,69.4,25.0,60.1,41.6,9.7,27.5,35.1,9.7,12.7,76.6,10.9,24.4,35.3,11.4,5.4,1.2,12.8,15.1
236,Florida State Seminoles,https://www.espn.com/mens-college-basketball/team/_/id/52/florida-state-seminoles,32,69.3,25.1,57.5,43.6,6.5,19.8,33.0,12.7,17.5,72.6,8.7,22.8,31.4,13.4,6.2,3.9,12.1,16.2
237,South Dakota Coyotes,https://www.espn.com/mens-college-basketball/team/_/id/233/south-dakota-coyotes,31,69.3,24.4,56.5,43.1,8.9,22.8,39.0,11.7,15.4,76.5,8.6,25.0,33.6,12.4,4.5,1.5,11.6,17.4
238,Robert Morris Colonials,https://www.espn.com/mens-college-basketball/team/_/id/2523/robert-morris-colonials,33,69.3,25.6,57.7,44.3,7.1,21.3,33.4,11.0,15.3,72.1,10.2,24.5,34.7,13.8,6.7,4.1,13.1,16.2
239,UTSA Roadrunners,https://www.espn.com/mens-college-basketball/team/_/id/2636/utsa-roadrunners,32,69.3,23.4,57.1,41.0,7.3,22.0,33.4,15.1,20.6,73.4,10.7,24.7,35.4,10.4,4.3,2.5,13.7,17.7
240,Montana Grizzlies,https://www.espn.com/mens-college-basketball/team/_/id/149/montana-grizzlies,31,69.3,24.6,53.2,46.2,7.9,21.2,37.2,12.2,15.5,78.8,7.4,23.0,30.4,12.2,4.7,2.4,11.2,18.1
241,Texas Southern Tigers,https://www.espn.com/mens-college-basketball/team/_/id/2640/texas-southern-tigers,35,69.2,25.5,59.9,42.7,4.7,16.8,27.7,13.5,20.3,66.4,11.5,25.8,37.3,11.8,6.7,3.3,14.6,18.8
242,Cal State Fullerton Titans,https://www.espn.com/mens-college-basketball/team/_/id/2239/cal-state-fullerton-titans,33,69.2,23.6,54.9,43.0,7.7,20.8,36.9,14.3,20.6,69.3,9.2,24.4,33.6,10.3,6.5,2.6,11.8,17.9
243,McNeese Cowboys,https://www.espn.com/mens-college-basketball/team/_/id/2377/mcneese-cowboys,34,69.2,25.2,58.6,43.1,7.6,23.3,32.5,11.1,16.8,66.2,12.4,22.8,35.2,11.3,7.2,1.8,14.6,19.3
244,Wyoming Cowboys,https://www.espn.com/mens-college-basketball/team/_/id/2751/wyoming-cowboys,31,69.2,23.9,54.2,44.0,8.6,24.8,34.9,12.8,18.0,71.1,7.9,24.1,32.1,11.1,4.9,2.5,12.0,15.8
245,Washington Huskies,https://www.espn.com/mens-college-basketball/team/_/id/264/washington-huskies,32,69.2,24.6,57.0,43.1,6.5,20.9,31.3,13.5,18.0,74.9,8.9,24.9,33.8,11.5,6.9,5.2,14.0,16.5
245,Idaho State Bengals,https://www.espn.com/mens-college-basketball/team/_/id/304/idaho-state-bengals,32,69.2,24.8,55.8,44.5,7.7,22.7,33.8,11.9,16.2,73.5,8.1,23.3,31.4,12.3,5.8,2.8,11.6,17.6
247,East Tennessee State Buccaneers,https://www.espn.com/mens-college-basketball/team/_/id/2193/east-tennessee-state-buccaneers,32,69.1,25.7,56.7,45.3,6.3,19.8,32.1,11.4,17.1,67.0,10.7,24.3,35.1,12.2,6.1,3.1,13.1,15.3
248,Grambling Tigers,https://www.espn.com/mens-college-basketball/team/_/id/2755/grambling-tigers,33,69.0,24.6,54.1,45.4,5.3,14.8,35.6,14.5,22.6,64.4,11.0,25.2,36.2,12.3,7.3,4.1,14.4,18.9
249,Valparaiso Beacons,https://www.espn.com/mens-college-basketball/team/_/id/2674/valparaiso-beacons,32,68.9,25.4,57.9,44.0,6.2,20.9,29.6,11.9,16.3,72.8,7.8,26.1,34.0,13.6,5.8,2.6,12.7,16.6
250,UNC Wilmington Seahawks,https://www.espn.com/mens-college-basketball/team/_/id/350/unc-wilmington-seahawks,34,68.9,23.9,53.9,44.4,6.1,18.4,33.5,14.9,20.5,72.9,9.5,23.7,33.2,10.7,6.8,2.8,12.0,18.4
251,South Carolina Upstate Spartans,https://www.espn.com/mens-college-basketball/team/_/id/2908/south-carolina-upstate-spartans,31,68.9,25.2,55.0,45.9,6.6,19.3,34.2,11.9,18.1,65.6,8.2,23.2,31.4,11.9,7.4,4.4,13.3,20.2
252,Richmond Spiders,https://www.espn.com/mens-college-basketball/team/_/id/257/richmond-spiders,33,68.9,23.8,54.3,43.9,7.9,23.9,33.0,13.3,17.9,74.5,6.8,25.5,32.3,12.2,5.7,2.4,11.5,15.2
253,Eastern Illinois Panthers,https://www.espn.com/mens-college-basketball/team/_/id/2197/eastern-illinois-panthers,31,68.8,25.7,58.1,44.3,5.2,15.9,32.9,12.2,19.1,63.7,9.3,24.6,33.9,14.5,8.4,3.4,13.5,18.0
254,East Carolina Pirates,https://www.espn.com/mens-college-basketball/team/_/id/151/east-carolina-pirates,33,68.8,23.3,57.5,40.6,7.5,23.9,31.6,14.7,21.3,68.8,12.2,24.8,37.1,13.1,6.5,2.6,13.2,17.7
255,Binghamton Bearcats,https://www.espn.com/mens-college-basketball/team/_/id/2066/binghamton-bearcats,31,68.8,25.6,56.9,45.0,5.5,17.2,32.3,12.0,16.9,71.3,9.6,25.3,34.8,11.6,4.6,3.2,13.0,18.0
256,George Mason Patriots,https://www.espn.com/mens-college-basketball/team/_/id/2244/george-mason-patriots,33,68.7,24.2,53.8,45.1,7.3,20.8,35.0,13.0,19.9,65.1,9.2,26.6,35.8,13.7,4.6,3.1,13.7,17.2
256,Mercer Bears,https://www.espn.com/mens-college-basketball/team/_/id/2382/mercer-bears,33,68.7,25.8,57.1,45.1,5.9,17.8,33.4,11.2,16.2,69.0,10.4,24.3,34.7,12.8,5.6,2.2,11.7,17.9
258,Utah Utes,https://www.espn.com/mens-college-basketball/team/_/id/254/utah-utes,32,68.7,24.7,57.8,42.7,7.3,21.8,33.3,12.0,16.9,70.8,11.2,28.0,39.2,14.4,5.0,4.0,12.0,15.2
259,Dayton Flyers,https://www.espn.com/mens-college-basketball/team/_/id/2168/dayton-flyers,34,68.6,24.5,52.5,46.7,6.6,19.6,33.8,13.0,18.6,69.9,9.3,26.6,35.9,15.2,4.8,4.4,12.1,13.8
260,Siena Saints,https://www.espn.com/mens-college-basketball/team/_/id/2561/siena-saints,32,68.6,23.9,55.3,43.3,6.7,19.1,34.9,14.1,19.1,73.6,10.1,24.2,34.3,12.8,5.7,4.2,13.1,17.1
261,UC San Diego Tritons,https://www.espn.com/mens-college-basketball/team/_/id/28/uc-san-diego-tritons,30,68.6,24.7,57.3,43.0,7.6,23.2,32.8,11.6,15.7,73.9,8.3,25.2,33.5,12.0,5.8,2.2,12.1,16.1
262,Georgia Bulldogs,https://www.espn.com/mens-college-basketball/team/_/id/61/georgia-bulldogs,32,68.5,22.8,55.4,41.0,6.7,21.2,31.7,16.3,22.4,72.7,10.8,24.9,35.8,11.2,6.3,2.7,13.2,16.1
263,Omaha Mavericks,https://www.espn.com/mens-college-basketball/team/_/id/2437/omaha-mavericks,32,68.5,24.9,56.4,44.2,5.7,16.9,33.9,13.0,16.7,77.6,8.1,24.3,32.4,11.9,5.4,2.9,12.5,18.3
263,UTEP Miners,https://www.espn.com/mens-college-basketball/team/_/id/2638/utep-miners,32,68.5,24.9,55.5,44.8,4.9,16.8,29.4,13.8,21.8,63.2,11.6,23.4,35.0,12.0,9.0,2.7,15.8,18.1
265,Oklahoma State Cowboys,https://www.espn.com/mens-college-basketball/team/_/id/197/oklahoma-state-cowboys,34,68.5,24.4,56.8,42.9,6.8,22.1,30.9,12.9,18.4,69.9,11.2,25.9,37.1,12.6,5.6,4.9,14.0,17.2
266,Maine Black Bears,https://www.espn.com/mens-college-basketball/team/_/id/311/maine-black-bears,30,68.5,26.1,57.0,45.8,6.6,19.8,33.3,9.6,13.2,72.7,7.7,23.1,30.8,13.8,9.5,2.1,12.4,14.9
267,Iowa State Cyclones,https://www.espn.com/mens-college-basketball/team/_/id/164/rutgers-scarlet-knights,32,68.4,25.6,56.9,45.0,6.5,19.3,33.9,10.7,15.8,67.4,11.4,22.1,33.5,14.1,8.8,2.9,13.1,19.1
268,Rutgers Scarlet Knights,https://www.espn.com/mens-college-basketball/team/_/id/290/georgia-southern-eagles,34,68.4,25.5,59.2,43.1,5.7,17.9,32.1,11.7,16.7,70.0,11.6,25.2,36.8,15.1,8.7,3.9,11.4,16.0
269,Georgia Southern Eagles,https://www.espn.com/mens-college-basketball/team/_/id/2550/seton-hall-pirates,33,68.4,25.5,58.4,43.6,6.3,20.0,31.4,11.2,16.3,68.6,9.8,25.5,35.3,10.4,7.0,2.8,11.5,16.8
270,Seton Hall Pirates,https://www.espn.com/mens-college-basketball/team/_/id/108/harvard-crimson,33,68.4,23.8,54.1,43.9,5.8,17.7,32.5,15.1,22.0,68.6,10.6,24.5,35.1,12.2,8.2,4.3,13.8,17.8
271,Harvard Crimson,https://www.espn.com/mens-college-basketball/team/_/id/265/washington-state-cougars,28,68.4,25.0,56.9,43.9,6.6,21.3,30.9,11.8,17.6,66.9,10.7,25.6,36.3,13.3,7.5,3.8,13.6,14.6
272,Washington State Cougars,https://www.espn.com/mens-college-basketball/team/_/id/2261/hampton-pirates,34,68.4,23.9,56.4,42.4,9.1,24.5,37.3,11.4,15.9,71.6,10.9,23.9,34.8,11.9,4.9,2.7,12.0,16.0
273,Hampton Pirates,https://www.espn.com/mens-college-basketball/team/_/id/158/nebraska-cornhuskers,32,68.2,23.7,60.4,39.2,7.1,22.2,32.2,13.7,19.9,68.7,10.5,23.8,34.3,11.0,4.3,3.2,11.1,18.3
274,Nebraska Cornhuskers,https://www.espn.com/mens-college-basketball/team/_/id/77/northwestern-wildcats,32,68.0,25.6,55.9,45.8,6.7,20.5,32.6,10.1,15.8,64.1,8.3,26.3,34.5,13.1,5.5,2.5,12.7,14.1
275,Northwestern Wildcats,https://www.espn.com/mens-college-basketball/team/_/id/2065/bethune-cookman-wildcats,33,67.9,23.6,57.8,40.8,7.7,23.8,32.2,13.0,17.2,75.4,10.2,24.4,34.5,12.8,7.9,4.0,9.7,16.2
276,Bethune-Cookman Wildcats,https://www.espn.com/mens-college-basketball/team/_/id/2320/lamar-cardinals,32,67.9,24.1,58.2,41.4,6.8,18.9,36.1,12.8,18.3,69.8,10.0,22.4,32.4,11.3,7.2,2.8,12.9,17.3
277,Lamar Cardinals,https://www.espn.com/mens-college-basketball/team/_/id/171/columbia-lions,31,67.9,24.5,57.0,43.1,5.7,17.9,32.0,13.0,18.5,70.4,11.7,24.4,36.1,13.2,6.4,3.4,14.2,15.7
278,Columbia Lions,https://www.espn.com/mens-college-basketball/team/_/id/258/virginia-cavaliers,29,67.8,24.0,59.6,40.3,7.8,24.6,31.7,12.0,16.8,71.5,10.2,24.2,34.4,11.7,6.8,2.0,13.8,16.7
279,Virginia Cavaliers,https://www.espn.com/mens-college-basketball/team/_/id/94/northern-kentucky-norse,33,67.8,24.0,53.5,44.9,6.7,19.1,35.0,13.1,18.6,70.3,8.3,24.0,32.2,15.7,6.8,4.3,8.5,14.3
280,Northern Kentucky Norse,https://www.espn.com/mens-college-basketball/team/_/id/2504/prairie-view-am-panthers,35,67.8,24.3,57.1,42.6,8.1,23.6,34.2,11.1,15.9,69.6,11.3,21.2,32.5,13.4,9.4,2.5,11.3,15.3
281,Prairie View A&M Panthers,https://www.espn.com/mens-college-basketball/team/_/id/201/oklahoma-sooners,32,67.8,24.2,59.8,40.4,6.0,19.7,30.3,13.5,19.7,68.5,11.8,23.3,35.1,11.0,7.6,3.5,13.7,19.1
282,Oklahoma Sooners,https://www.espn.com/mens-college-basketball/team/_/id/2016/alcorn-state-braves,32,67.7,24.4,53.3,45.8,7.0,19.9,35.1,11.8,16.0,73.5,7.3,25.5,32.8,13.0,5.7,3.0,13.4,16.2
282,Alcorn State Braves,https://www.espn.com/mens-college-basketball/team/_/id/2296/jackson-state-tigers,32,67.7,23.8,58.4,40.8,5.1,17.3,29.6,14.8,20.6,72.1,12.0,22.0,34.0,9.9,8.0,2.5,12.6,19.0
284,Jackson State Tigers,https://www.espn.com/mens-college-basketball/team/_/id/66/iowa-state-cyclones,33,67.6,24.2,57.9,41.9,6.3,19.7,31.8,12.9,19.1,67.5,11.6,22.8,34.5,12.3,7.5,2.5,15.6,17.3
285,LSU Tigers,https://www.espn.com/mens-college-basketball/team/_/id/99/lsu-tigers,33,67.6,23.3,56.8,41.0,7.2,22.1,32.7,13.8,19.2,72.2,11.4,23.6,35.0,12.3,6.8,2.7,12.3,17.0
286,Boston University Terriers,https://www.espn.com/mens-college-basketball/team/_/id/104/boston-university-terriers,31,67.6,24.0,57.7,41.6,7.5,22.5,33.4,12.1,16.5,73.4,10.2,25.2,35.4,10.5,6.5,2.5,12.1,17.5
287,Bucknell Bison,https://www.espn.com/mens-college-basketball/team/_/id/2083/bucknell-bison,32,67.5,24.9,54.7,45.6,7.3,20.6,35.6,10.4,14.5,71.7,8.1,25.7,33.7,13.4,5.5,3.8,13.3,15.6
288,San Jos State Spartans,https://www.espn.com/mens-college-basketball/team/_/id/23/san-jose-state-spartans,33,67.5,24.8,56.8,43.7,7.6,23.4,32.6,10.2,15.2,67.3,11.9,25.9,37.9,12.4,4.0,4.2,12.0,15.6
289,Ole Miss Rebels,https://www.espn.com/mens-college-basketball/team/_/id/145/ole-miss-rebels,33,67.5,24.7,58.6,42.2,6.2,20.3,30.3,11.9,17.1,69.5,12.0,23.8,35.8,13.1,7.1,3.7,12.2,15.9
290,The Citadel Bulldogs,https://www.espn.com/mens-college-basketball/team/_/id/2643/the-citadel-bulldogs,32,67.4,24.1,55.8,43.2,7.1,21.9,32.5,12.1,16.1,75.5,7.3,24.4,31.7,11.4,5.5,2.7,12.3,16.8
291,UL Monroe Warhawks,https://www.espn.com/mens-college-basketball/team/_/id/2433/ul-monroe-warhawks,32,67.4,23.7,58.1,40.8,7.6,21.6,35.1,12.4,17.4,71.3,10.8,24.3,35.1,12.6,6.9,3.6,12.7,15.2
292,Loyola Chicago Ramblers,https://www.espn.com/mens-college-basketball/team/_/id/2350/loyola-chicago-ramblers,31,67.4,24.4,52.8,46.2,7.1,21.2,33.4,11.5,16.4,69.7,7.5,23.5,31.0,13.8,5.6,3.0,15.0,19.4
293,Loyola Maryland Greyhounds,https://www.espn.com/mens-college-basketball/team/_/id/2352/loyola-maryland-greyhounds,33,67.3,24.9,55.2,45.1,7.6,21.2,35.7,9.9,15.4,64.4,9.1,22.2,31.4,13.9,7.5,2.4,13.5,15.7
294,Albany Great Danes,https://www.espn.com/mens-college-basketball/team/_/id/399/albany-great-danes,31,67.3,23.4,56.6,41.4,7.6,23.4,32.7,12.8,17.7,72.2,10.2,23.1,33.3,11.7,5.7,1.6,13.4,18.6
295,Weber State Wildcats,https://www.espn.com/mens-college-basketball/team/_/id/2692/weber-state-wildcats,33,67.2,23.6,52.3,45.1,6.6,19.6,33.7,13.4,17.5,76.6,6.6,24.7,31.3,10.6,6.1,1.4,12.8,17.6
295,William & Mary Tribe,https://www.espn.com/mens-college-basketball/team/_/id/2729/william-mary-tribe,33,67.2,24.0,55.4,43.2,7.8,21.2,36.7,11.5,16.9,68.2,10.0,23.2,33.2,12.2,6.0,2.0,12.1,16.2
297,Manhattan Jaspers,https://www.espn.com/mens-college-basketball/team/_/id/2363/manhattan-jaspers,30,67.2,24.4,56.1,43.6,6.8,20.5,33.3,11.4,17.3,66.0,9.1,22.6,31.7,12.3,7.6,3.5,13.5,16.4
298,UIC Flames,https://www.espn.com/mens-college-basketball/team/_/id/82/uic-flames,32,67.2,23.3,56.1,41.6,8.0,24.2,32.9,12.5,19.1,65.5,8.4,23.9,32.3,13.2,6.4,4.7,12.8,17.5
299,Stonehill Skyhawks,https://www.espn.com/mens-college-basketball/team/_/id/284/stonehill-skyhawks,31,67.0,23.2,52.7,44.1,7.7,21.8,35.3,12.8,16.9,75.8,6.3,24.8,31.1,12.3,7.1,2.8,13.5,15.1
300,Air Force Falcons,https://www.espn.com/mens-college-basketball/team/_/id/2005/air-force-falcons,32,66.9,23.6,51.1,46.2,8.2,22.9,35.6,11.5,16.0,72.2,6.7,22.9,29.6,15.3,5.8,4.0,12.2,17.0
301,NJIT Highlanders,https://www.espn.com/mens-college-basketball/team/_/id/2885/njit-highlanders,30,66.9,24.8,57.8,42.9,6.5,18.7,34.9,10.8,16.3,66.4,8.7,25.3,34.0,11.2,5.3,2.8,11.1,15.7
302,Hawai'i Rainbow Warriors,https://www.espn.com/mens-college-basketball/team/_/id/62/hawaii-rainbow-warriors,33,66.9,23.4,54.5,42.9,6.7,20.2,33.0,13.5,18.0,74.7,9.7,25.6,35.3,11.1,4.6,3.8,12.2,16.0
303,Arkansas-Pine Bluff Golden Lions,https://www.espn.com/mens-college-basketball/team/_/id/2029/arkansas-pine-bluff-golden-lions,31,66.9,22.6,57.8,39.1,7.9,25.0,31.6,13.8,18.9,72.7,10.1,24.4,34.5,12.8,8.1,2.8,15.3,19.7
304,Old Dominion Monarchs,https://www.espn.com/mens-college-basketball/team/_/id/295/old-dominion-monarchs,31,66.9,23.7,56.8,41.8,5.3,16.9,31.4,14.2,20.8,68.0,12.1,25.8,37.9,10.6,6.4,3.8,11.2,16.7
305,Holy Cross Crusaders,https://www.espn.com/mens-college-basketball/team/_/id/107/holy-cross-crusaders,32,66.8,25.4,58.2,43.6,6.8,18.7,36.6,9.2,14.7,62.2,8.0,24.5,32.5,12.4,6.3,2.8,12.1,16.1
305,St. Bonaventure Bonnies,https://www.espn.com/mens-college-basketball/team/_/id/179/st-bonaventure-bonnies,32,66.8,24.0,56.1,42.9,7.1,20.3,34.8,11.6,16.5,70.3,9.4,23.3,32.6,11.9,7.0,3.4,12.6,18.6
307,Long Island University Sharks,https://www.espn.com/mens-college-basketball/team/_/id/112358/long-island-university-sharks,29,66.7,24.8,58.0,42.8,4.9,14.5,33.8,12.2,18.4,66.0,9.5,25.2,34.7,14.5,6.6,3.4,16.4,17.6
308,Drexel Dragons,https://www.espn.com/mens-college-basketball/team/_/id/2182/drexel-dragons,32,66.7,24.2,56.1,43.1,7.2,22.7,31.6,11.3,16.5,68.3,10.3,24.7,35.0,11.7,5.6,3.2,11.7,14.5
308,Charlotte 49ers,https://www.espn.com/mens-college-basketball/team/_/id/2429/charlotte-49ers,32,66.7,24.6,52.3,47.1,8.0,21.3,37.6,9.5,12.7,74.4,6.7,23.3,29.9,12.9,5.3,2.6,10.8,14.0
310,Georgia State Panthers,https://www.espn.com/mens-college-basketball/team/_/id/2247/georgia-state-panthers,31,66.7,24.0,57.7,41.6,5.3,17.9,29.5,13.4,18.7,71.3,11.1,23.5,34.5,11.0,5.8,3.6,12.9,17.0
311,Austin Peay Governors,https://www.espn.com/mens-college-basketball/team/_/id/2046/austin-peay-governors,31,66.7,24.0,57.7,41.5,7.2,22.3,32.2,11.6,16.0,72.5,10.1,21.3,31.4,12.5,7.1,3.0,11.7,16.9
312,Boston College Eagles,https://www.espn.com/mens-college-basketball/team/_/id/103/boston-college-eagles,33,66.6,24.8,56.8,43.7,5.7,17.9,31.9,11.2,15.5,72.5,9.4,23.8,33.2,12.5,6.4,3.6,12.3,15.8
313,Illinois State Redbirds,https://www.espn.com/mens-college-basketball/team/_/id/2287/illinois-state-redbirds,32,66.5,23.0,53.1,43.4,7.3,21.6,33.6,13.2,16.6,79.3,8.8,23.9,32.7,10.8,5.7,3.3,14.6,18.4
314,UT Arlington Mavericks,https://www.espn.com/mens-college-basketball/team/_/id/250/ut-arlington-mavericks,32,66.4,24.1,58.2,41.4,6.5,20.1,32.2,11.7,17.8,65.6,12.7,23.2,35.9,13.5,6.4,3.0,13.8,19.4
315,New Hampshire Wildcats,https://www.espn.com/mens-college-basketball/team/_/id/160/new-hampshire-wildcats,30,66.4,23.2,58.3,39.8,8.3,24.2,34.2,11.7,16.9,69.3,10.1,25.4,35.5,11.7,5.4,2.5,9.9,15.1
316,Bellarmine Knights,https://www.espn.com/mens-college-basketball/team/_/id/91/bellarmine-knights,33,66.3,24.2,52.7,45.9,8.0,22.8,35.1,10.0,13.2,75.5,6.6,22.5,29.1,14.2,5.6,1.4,11.2,15.8
317,Sacramento State Hornets,https://www.espn.com/mens-college-basketball/team/_/id/16/sacramento-state-hornets,32,66.1,24.3,54.7,44.4,6.8,19.7,34.5,10.7,15.3,69.7,10.9,24.8,35.7,13.6,4.5,2.7,13.3,15.5
318,Rhode Island Rams,https://www.espn.com/mens-college-basketball/team/_/id/227/rhode-island-rams,31,66.0,22.5,56.9,39.4,5.4,17.8,30.4,15.7,21.1,74.4,11.7,25.3,37.0,11.2,6.4,3.8,14.1,18.0
319,Texas State Bobcats,https://www.espn.com/mens-college-basketball/team/_/id/326/texas-state-bobcats,35,66.0,24.2,54.8,44.2,4.4,14.3,30.7,13.1,18.0,72.9,10.3,22.4,32.7,9.9,6.3,3.5,11.7,18.0
320,Central Connecticut Blue Devils,https://www.espn.com/mens-college-basketball/team/_/id/2115/central-connecticut-blue-devils,32,66.0,24.7,58.6,42.2,6.8,20.9,32.7,9.7,13.7,70.9,10.1,24.0,34.1,12.9,5.6,3.8,12.2,14.1
321,Central Michigan Chippewas,https://www.espn.com/mens-college-basketball/team/_/id/2117/central-michigan-chippewas,31,65.7,22.6,54.5,41.6,6.2,20.5,30.0,14.3,20.7,69.0,11.1,24.3,35.4,10.7,5.8,3.8,15.9,19.9
322,Arkansas State Red Wolves,https://www.espn.com/mens-college-basketball/team/_/id/2032/arkansas-state-red-wolves,33,65.7,23.5,54.5,43.2,6.3,18.0,35.2,12.3,18.2,67.7,9.8,23.7,33.6,13.1,6.7,3.3,11.7,16.8
323,Mississippi State Bulldogs,https://www.espn.com/mens-college-basketball/team/_/id/344/mississippi-state-bulldogs,34,65.7,24.0,56.9,42.1,5.2,19.7,26.6,12.5,19.3,64.7,12.9,24.9,37.9,14.2,8.6,3.4,12.8,15.2
324,Southern Illinois Salukis,https://www.espn.com/mens-college-basketball/team/_/id/79/southern-illinois-salukis,33,65.7,23.3,52.0,44.8,7.8,24.1,32.6,11.2,15.5,72.3,6.9,24.6,31.5,13.9,7.2,2.1,12.5,16.3
325,Missouri State Bears,https://www.espn.com/mens-college-basketball/team/_/id/2623/missouri-state-bears,32,65.6,24.1,55.5,43.5,7.9,24.0,33.1,9.4,15.0,62.6,11.3,23.8,35.1,11.7,6.2,4.4,12.3,15.5
326,Wisconsin Badgers,https://www.espn.com/mens-college-basketball/team/_/id/275/wisconsin-badgers,32,65.4,23.8,57.4,41.5,8.1,23.3,34.9,9.7,14.3,68.0,7.8,23.5,31.3,11.7,6.1,1.6,8.5,16.0
326,Elon Phoenix,https://www.espn.com/mens-college-basketball/team/_/id/2210/elon-phoenix,32,65.4,23.8,56.0,42.5,6.8,22.6,30.2,11.0,15.5,70.8,8.8,24.9,33.7,12.2,6.1,2.2,12.3,16.1
328,American University Eagles,https://www.espn.com/mens-college-basketball/team/_/id/44/american-university-eagles,32,65.4,24.5,50.9,48.2,6.4,18.4,34.6,10.0,14.2,70.1,8.1,22.2,30.3,13.6,7.4,3.9,14.0,15.1
329,Northeastern Huskies,https://www.espn.com/mens-college-basketball/team/_/id/111/northeastern-huskies,30,65.3,23.7,56.8,41.8,7.0,21.2,33.2,10.8,15.8,68.5,11.0,25.0,36.0,12.6,5.0,4.1,14.4,16.7
329,Tulsa Golden Hurricane,https://www.espn.com/mens-college-basketball/team/_/id/202/tulsa-golden-hurricane,30,65.3,23.8,57.8,41.3,7.7,24.5,31.3,10.0,15.4,64.6,9.0,22.9,31.9,11.6,5.5,1.5,13.2,15.5
331,IUPUI Jaguars,https://www.espn.com/mens-college-basketball/team/_/id/85/iupui-jaguars,32,65.3,24.6,53.7,45.8,4.6,15.4,29.7,11.6,16.8,69.1,9.2,22.3,31.4,11.2,5.8,2.5,15.8,17.8
332,Butler Bulldogs,https://www.espn.com/mens-college-basketball/team/_/id/2086/butler-bulldogs,32,65.3,24.1,55.2,43.6,6.5,19.8,32.7,10.6,14.3,73.9,6.5,23.5,29.9,12.6,6.8,4.3,11.8,13.4
333,Niagara Purple Eagles,https://www.espn.com/mens-college-basketball/team/_/id/315/niagara-purple-eagles,31,65.0,23.7,53.0,44.8,6.3,18.4,34.4,11.2,15.5,72.3,8.1,22.3,30.4,10.9,5.3,2.3,11.7,16.1
334,Fairfield Stags,https://www.espn.com/mens-college-basketball/team/_/id/2217/fairfield-stags,31,64.9,22.3,54.2,41.0,5.7,20.0,28.7,14.6,20.2,72.4,9.8,23.9,33.7,9.5,5.5,3.7,11.8,15.2
335,St. Francis Brooklyn Terriers,https://www.espn.com/mens-college-basketball/team/_/id/2597/st-francis-brooklyn-terriers,30,64.9,22.9,56.7,40.4,6.8,19.2,35.4,12.2,17.5,69.8,11.4,22.5,33.8,12.3,7.4,4.8,13.8,15.4
336,Delaware State Hornets,https://www.espn.com/mens-college-basketball/team/_/id/2169/delaware-state-hornets,30,64.6,23.8,57.5,41.4,5.7,18.1,31.5,11.3,16.5,68.8,11.2,23.7,34.9,12.4,7.0,2.6,16.0,18.4
337,Kansas City Roos,https://www.espn.com/mens-college-basketball/team/_/id/140/kansas-city-roos,32,64.4,22.6,57.6,39.2,5.9,20.8,28.3,13.3,18.7,71.2,13.4,23.5,36.9,9.4,6.0,3.7,13.5,18.5
338,North Texas Mean Green,https://www.espn.com/mens-college-basketball/team/_/id/249/north-texas-mean-green,34,64.4,22.3,51.1,43.6,7.2,20.7,34.9,12.5,16.7,75.0,10.9,22.9,33.7,11.3,6.3,2.9,11.9,16.4
339,South Carolina Gamecocks,https://www.espn.com/mens-college-basketball/team/_/id/2579/south-carolina-gamecocks,32,64.3,23.3,57.7,40.3,7.6,23.6,32.3,10.2,15.5,66.1,11.8,22.3,34.1,11.1,4.9,2.6,13.2,16.0
340,Marist Red Foxes,https://www.espn.com/mens-college-basketball/team/_/id/2368/marist-red-foxes,33,63.9,22.6,55.1,41.0,7.7,23.4,32.8,11.1,15.9,69.8,8.9,25.3,34.2,10.8,5.9,3.8,11.9,15.4
341,Louisville Cardinals,https://www.espn.com/mens-college-basketball/team/_/id/97/louisville-cardinals,32,63.9,22.4,53.1,42.1,6.3,19.0,32.9,12.9,17.5,74.1,9.2,23.0,32.2,9.3,4.5,2.8,14.9,16.5
342,Fresno State Bulldogs,https://www.espn.com/mens-college-basketball/team/_/id/278/fresno-state-bulldogs,31,63.7,23.2,54.0,43.0,6.8,22.0,30.8,10.5,13.5,77.1,8.0,22.3,30.3,12.3,6.3,3.3,11.6,16.1
343,Mount St. Mary's Mountaineers,https://www.espn.com/mens-college-basketball/team/_/id/116/mount-st-marys-mountaineers,33,63.7,23.4,55.1,42.4,6.7,18.8,35.4,10.3,14.0,73.2,9.3,24.3,33.6,12.4,5.5,2.5,13.6,16.4
344,Cal State Northridge Matadors,https://www.espn.com/mens-college-basketball/team/_/id/2463/cal-state-northridge-matadors,32,63.4,21.7,54.2,40.1,5.8,18.0,32.0,14.2,19.1,74.2,9.8,23.5,33.3,9.8,6.3,3.1,12.5,18.9
345,Jacksonville Dolphins,https://www.espn.com/mens-college-basketball/team/_/id/294/jacksonville-dolphins,29,63.3,23.7,52.4,45.2,6.9,20.3,34.0,9.1,12.2,75.1,7.6,25.8,33.4,13.0,5.1,2.4,11.5,14.1
346,Alabama State Hornets,https://www.espn.com/mens-college-basketball/team/_/id/2011/alabama-state-hornets,31,63.3,22.0,58.7,37.5,6.0,19.5,30.6,13.3,18.8,70.5,12.5,23.5,36.0,10.0,5.9,3.5,13.3,18.0
347,Presbyterian Blue Hose,https://www.espn.com/mens-college-basketball/team/_/id/2506/presbyterian-blue-hose,32,63.2,22.4,53.4,42.0,6.0,19.3,31.0,12.3,19.7,62.5,10.5,22.3,32.8,10.8,5.5,3.1,13.4,19.3
348,Stony Brook Seawolves,https://www.espn.com/mens-college-basketball/team/_/id/2619/stony-brook-seawolves,33,63.1,22.0,53.2,41.3,7.8,24.1,32.2,11.4,15.3,74.4,7.6,26.3,33.9,11.8,4.4,2.5,12.5,15.1
349,Wagner Seahawks,https://www.espn.com/mens-college-basketball/team/_/id/2681/wagner-seahawks,28,63.1,23.4,58.1,40.3,6.5,20.8,31.0,9.8,14.4,68.2,12.9,23.0,35.9,12.1,6.8,1.8,12.0,19.3
350,Minnesota Golden Gophers,https://www.espn.com/mens-college-basketball/team/_/id/135/minnesota-golden-gophers,31,62.9,23.2,53.7,43.3,6.2,19.1,32.5,10.2,16.5,61.9,8.5,24.4,32.8,14.6,4.6,4.0,12.9,15.6
351,Hartford Hawks,https://www.espn.com/mens-college-basketball/team/_/id/42/hartford-hawks,28,62.8,23.5,55.1,42.7,7.4,22.1,33.2,8.3,12.9,64.4,9.0,22.4,31.4,13.0,6.4,3.8,14.4,14.1
352,Merrimack Warriors,https://www.espn.com/mens-college-basketball/team/_/id/2771/merrimack-warriors,34,62.6,21.5,51.3,41.9,7.4,22.6,32.7,12.1,17.6,68.9,6.7,21.9,28.6,12.6,11.2,4.1,14.1,14.2
353,Evansville Purple Aces,https://www.espn.com/mens-college-basketball/team/_/id/339/evansville-purple-aces,32,62.4,22.8,57.5,39.6,6.2,19.3,32.2,10.6,16.9,63.0,7.9,23.5,31.4,10.3,7.0,1.9,12.3,16.3
354,Lafayette Leopards,https://www.espn.com/mens-college-basketball/team/_/id/322/lafayette-leopards,34,62.4,22.6,55.3,40.8,8.8,26.8,32.7,8.5,13.5,62.6,8.4,24.2,32.5,15.5,5.8,3.0,11.6,15.4
355,Saint Peter's Peacocks,https://www.espn.com/mens-college-basketball/team/_/id/2612/saint-peters-peacocks,32,62.1,22.4,57.2,39.1,5.9,20.3,29.3,11.4,16.5,68.9,13.3,21.4,34.8,10.5,6.3,3.2,12.2,21.3
356,Monmouth Hawks,https://www.espn.com/mens-college-basketball/team/_/id/2405/monmouth-hawks,33,61.7,22.6,56.2,40.2,4.1,14.1,28.8,12.4,18.6,66.7,10.9,21.9,32.8,12.0,8.4,2.5,14.4,19.3
357,Oregon State Beavers,https://www.espn.com/mens-college-basketball/team/_/id/204/oregon-state-beavers,32,61.2,21.1,51.5,41.0,6.0,18.9,31.7,13.0,17.2,75.3,7.9,23.2,31.1,10.2,5.4,3.1,13.4,17.8
358,Mississippi Valley State Delta Devils,https://www.espn.com/mens-college-basketball/team/_/id/2400/mississippi-valley-state-delta-devils,32,61.0,21.3,52.5,40.6,5.1,14.5,34.9,13.3,20.0,66.5,9.8,22.1,31.9,10.0,7.6,2.0,16.1,17.9
359,Cal Poly Mustangs,https://www.espn.com/mens-college-basketball/team/_/id/13/cal-poly-mustangs,33,60.8,21.7,52.5,41.3,5.5,18.6,29.4,12.0,16.1,74.4,8.5,24.2,32.7,10.3,5.5,2.5,13.8,19.8
360,Cal State Bakersfield Roadrunners,https://www.espn.com/mens-college-basketball/team/_/id/2934/cal-state-bakersfield-roadrunners,33,60.5,22.2,53.6,41.4,4.3,13.2,32.5,11.8,15.5,76.0,9.4,22.4,31.8,10.8,6.2,3.0,12.8,18.8
361,Green Bay Phoenix,https://www.espn.com/mens-college-basketball/team/_/id/2739/green-bay-phoenix,32,59.3,20.5,52.0,39.4,6.8,22.6,30.1,11.5,16.4,70.2,7.3,20.9,28.3,10.9,5.1,2.4,14.0,16.9
362,Florida A&M Rattlers,https://www.espn.com/mens-college-basketball/team/_/id/50/florida-am-rattlers,29,58.6,20.5,53.0,38.7,5.8,18.4,31.3,11.8,17.1,69.2,10.2,22.7,32.9,9.7,6.6,3.6,15.9,19.0
363,California Golden Bears,https://www.espn.com/mens-college-basketball/team/_/id/25/california-golden-bears,32,58.3,20.7,52.9,39.1,4.9,16.4,29.8,12.1,16.7,72.3,8.7,22.8,31.5,9.6,4.7,3.1,13.0,17.2